﻿<?xml version="1.0" encoding="utf-8"?>
<AccessList>
	<Program AccessDenyProgramId="4">
		<Access MenuName="Dashboard" AccessName="Supervisor Audit Info" AccessDenyRoleId="3,5,4,8,2,6" Active="Y" />
		<Access MenuName="Dashboard" AccessName="Internal Audit Info" AccessDenyRoleId="3" Active="Y" />
		<Access MenuName="Dashboard" AccessName="Master Calibrator Audit Info" AccessDenyRoleId="3,6,10" Active="Y" />
		<Access MenuName="Dashboard" AccessName="Calibrator Audit Info" AccessDenyRoleId="3,11" Active="Y" />
		<Access MenuName="Dashboard" AccessName="External Audit Info" AccessDenyRoleId="3,5,4,8,2,6" Active="Y" />
		<Access MenuName="Dashboard" AccessName="Business Audit Info" AccessDenyRoleId="3,5,4,8,2,6" Active="Y" />
		<Access MenuName="Dashboard" AccessName="Total Volume Audit Info" AccessDenyRoleId="3,5,4,8,2,6" Active="Y" />
		<Access MenuName="Transaction Search" AccessName="Edit Transaction" AccessDenyRoleId="3,5,,8,4" Active="Y" />
		<Access MenuName="Transaction Search" AccessName="Delete Transaction" AccessDenyRoleId="3,5,,8,4" Active="Y" />
		<Access MenuName="Transaction Search" AccessName="Edit Internal Audit" AccessDenyRoleId="3,5,,8,2,4" Active="Y" />
		<Access MenuName="Transaction Search" AccessName="Edit Calibrator Audit" AccessDenyRoleId="3,5,,8,2,4" Active="Y" />
		<Access MenuName="Transaction Search" AccessName="Edit Master Calibrator Audit" AccessDenyRoleId="3,5,,8,2,4" Active="Y" />
		<Access MenuName="Transaction Search" AccessName="Edit External Audit" AccessDenyRoleId="3,5,,8,2,4" Active="Y" />
		<Access MenuName="Transaction Search" AccessName="Edit Business Audit" AccessDenyRoleId="3,5,,8,2,4" Active="Y" />
		<Access MenuName="Transaction Search" AccessName="Edit Total Volume Audit" AccessDenyRoleId="3,5,,8,2,4" Active="Y" />
		<Access MenuName="Transaction Search" AccessName="Edit Workflow Internal Audit" AccessDenyRoleId="3,5,,2,4" Active="Y" />
		<Access MenuName="Transaction Search" AccessName="Edit Workflow Calibrator Audit" AccessDenyRoleId="3,5,,2,4" Active="Y" />
		<Access MenuName="Transaction Search" AccessName="Edit Workflow Master Calibrator Audit" AccessDenyRoleId="3,5,,2,4" Active="Y" />
		<Access MenuName="Transaction Search" AccessName="Edit Workflow External Audit" AccessDenyRoleId="3,5,,8,2,4" Active="Y" />
		<Access MenuName="Transaction Search" AccessName="Edit Workflow Business Audit" AccessDenyRoleId="3,5,,8,2,4" Active="Y" />
		<Access MenuName="Transaction Search" AccessName="Edit Workflow Total Volume Audit" AccessDenyRoleId="3,5,,8,2,4" Active="Y" />
		<Access MenuName="Dashboard" AccessName="Processing Info" AccessDenyRoleId="5" Active="Y" />
		<Access MenuName="Bulk Upload" AccessName="View Bulk Upload History" AccessDenyRoleId="8" Active="Y" />
		<Access MenuName="Bulk Upload" AccessName="Perform Bulk Upload" AccessDenyRoleId="8" Active="Y" />
		<Access MenuName="Defect Opportunity" AccessName="Create/ Modify Heading" AccessDenyRoleId="" Active="Y" />
    <Access MenuName="Tenant" AccessName="Tenant" AccessDenyRoleId="3,4,5,6,7,8,9" Active="Y" />
	</Program>
	<Program AccessDenyProgramId="1">
		<Access MenuName="Dashboard" AccessName="Processing Info" AccessDenyRoleId=",5" Active="Y" />
		<Access MenuName="Dashboard" AccessName="Internal Audit Info" AccessDenyRoleId="3" Active="Y" />
		<Access MenuName="Dashboard" AccessName="Business Audit Info" AccessDenyRoleId=",4,,,5,8,2,3,6" Active="Y" />
		<Access MenuName="Transaction Search" AccessName="Edit Transaction" AccessDenyRoleId="1,6,,,3,5,4,8" Active="Y" />
		<Access MenuName="Transaction Search" AccessName="Delete Transaction" AccessDenyRoleId="1,6,,,3,5,4,8" Active="Y" />
		<Access MenuName="Transaction Search" AccessName="Edit Internal Audit" AccessDenyRoleId="1,6,,,2,3,5,4,8" Active="Y" />
		<Access MenuName="Transaction Search" AccessName="Edit External Audit" AccessDenyRoleId="1,,,2,3,5,4,8" Active="Y" />
		<Access MenuName="Transaction Search" AccessName="Edit Business Audit" AccessDenyRoleId=",,2,3,5,4,8" Active="Y" />
		<Access MenuName="Transaction Search" AccessName="Edit Total Volume Audit" AccessDenyRoleId="6,,,2,3,5,4,8" Active="Y" />
		<Access MenuName="Transaction Search" AccessName="Edit Workflow Internal Audit" AccessDenyRoleId="6,,2,3,4,5" Active="Y" />
		<Access MenuName="Transaction Search" AccessName="Edit Workflow External Audit" AccessDenyRoleId="6,,,2,3,5,4,8" Active="Y" />
		<Access MenuName="Transaction Search" AccessName="Edit Workflow Business Audit" AccessDenyRoleId="6,,,2,3,5,4,8" Active="Y" />
		<Access MenuName="Transaction Search" AccessName="Edit Workflow Total Volume Audit" AccessDenyRoleId="6,,,2,3,5,4,8" Active="Y" />
		<Access MenuName="Dashboard" AccessName="Supervisor Audit Info" AccessDenyRoleId="4,,,5,8,2,3,6" Active="Y" />
		<Access MenuName="Dashboard" AccessName="External Audit Info" AccessDenyRoleId="4,,5,8,2,3,6" Active="Y" />
		<Access MenuName="Dashboard" AccessName="Total Volume Audit Info" AccessDenyRoleId="4,,,5,8,2,3,6" Active="Y" />
		<Access MenuName="Transaction Search" AccessName="View Transaction" AccessDenyRoleId="" Active="Y" />
		<Access MenuName="Bulk Upload" AccessName="View Bulk Upload History" AccessDenyRoleId="8" Active="Y" />
		<Access MenuName="Bulk Upload" AccessName="Perform Bulk Upload" AccessDenyRoleId="8" Active="Y" />
    <Access MenuName="Tenant" AccessName="Tenant" AccessDenyRoleId="3,4,5,6,7,8,9" Active="Y" />
	</Program>
	<Program AccessDenyProgramId="2">
		<Access MenuName="Dashboard" AccessName="Supervisor Audit Info" AccessDenyRoleId="3,,,,,,5,6,2,4,9,8" Active="Y" />
		<Access MenuName="Dashboard" AccessName="Internal Audit Info" AccessDenyRoleId="3,6" Active="Y" />
		<Access MenuName="Dashboard" AccessName="External Audit Info" AccessDenyRoleId="3,,,,,,5" Active="Y" />
		<Access MenuName="Dashboard" AccessName="Business Audit Info" AccessDenyRoleId="3,,,,,,5" Active="Y" />
		<Access MenuName="Dashboard" AccessName="Total Volume Audit Info" AccessDenyRoleId="3,,,,,,5,6,,,,,2,4,9,8" Active="Y" />
		<Access MenuName="Transaction Search" AccessName="Edit Transaction" AccessDenyRoleId="3,5,,,4,8" Active="Y" />
		<Access MenuName="Transaction Search" AccessName="Delete Transaction" AccessDenyRoleId="3,5,,,4,8" Active="Y" />
		<Access MenuName="Transaction Search" AccessName="Edit Internal Audit" AccessDenyRoleId="3,5,,,2,4,8" Active="Y" />
		<Access MenuName="Transaction Search" AccessName="Edit External Audit" AccessDenyRoleId="3,5,,,2,4,8" Active="Y" />
		<Access MenuName="Transaction Search" AccessName="Edit Business Audit" AccessDenyRoleId="3,5,,,2,4,8" Active="Y" />
		<Access MenuName="Transaction Search" AccessName="Edit Total Volume Audit" AccessDenyRoleId="3,5,,,2,4,8" Active="Y" />
		<Access MenuName="Transaction Search" AccessName="Edit Workflow Internal Audit" AccessDenyRoleId="3,5,,2,4" Active="Y" />
		<Access MenuName="Transaction Search" AccessName="Edit Workflow External Audit" AccessDenyRoleId="3,5,,,2,4" Active="Y" />
		<Access MenuName="Transaction Search" AccessName="Edit Workflow Business Audit" AccessDenyRoleId="3,5,,,2,4" Active="Y" />
		<Access MenuName="Transaction Search" AccessName="Edit Workflow Total Volume Audit" AccessDenyRoleId="3,5,,,2,4,8" Active="Y" />
		<Access MenuName="Dashboard" AccessName="Processing Info" AccessDenyRoleId="5,6" Active="Y" />
		<Access MenuName="Bulk Upload" AccessName="View Bulk Upload History" AccessDenyRoleId="8" Active="Y" />
		<Access MenuName="Bulk Upload" AccessName="Perform Bulk Upload" AccessDenyRoleId="8" Active="Y" />
		<Access MenuName="Auto Allocation" AccessName="Auto Sampling - Internal Audit" AccessDenyRoleId="9" Active="Y" />
		<Access MenuName="Auto Allocation" AccessName="Auto Sampling - External Audit" AccessDenyRoleId=",4" Active="Y" />
		<Access MenuName="Manual Allocation" AccessName="Manual Allocation - Internal Audit" AccessDenyRoleId="9" Active="Y" />
		<Access MenuName="Manual Allocation" AccessName="Manual Allocation - External Audit" AccessDenyRoleId="4" Active="Y" />
		<Access MenuName="Auto Allocation" AccessName="Auto Sampling - Business Audit" AccessDenyRoleId="4" Active="Y" />
		<Access MenuName="Manual Allocation" AccessName="Manual Allocation - Business Audit" AccessDenyRoleId="4" Active="Y" />
    <Access MenuName="Tenant" AccessName="Tenant" AccessDenyRoleId="3,4,5,6,7,8,9" Active="Y" />
	</Program>
	<Program AccessDenyProgramId="3">
		<Access MenuName="Dashboard" AccessName="Processing Info" AccessDenyRoleId="" Active="Y" />
		<Access MenuName="Dashboard" AccessName="Internal Audit Info" AccessDenyRoleId="3,6" Active="Y" />
		<Access MenuName="Dashboard" AccessName="Business Audit Info" AccessDenyRoleId=",4,5,8,2,3,6" Active="Y" />
		<Access MenuName="Transaction Search" AccessName="Edit Transaction" AccessDenyRoleId="1,6,3,5,4,8" Active="Y" />
		<Access MenuName="Transaction Search" AccessName="Delete Transaction" AccessDenyRoleId="1,6,3,5,4,8" Active="Y" />
		<Access MenuName="Transaction Search" AccessName="Edit Internal Audit" AccessDenyRoleId="1,6,2,3,5,4,8" Active="Y" />
		<Access MenuName="Transaction Search" AccessName="Edit External Audit" AccessDenyRoleId="1,2,3,5,4" Active="Y" />
		<Access MenuName="Transaction Search" AccessName="Edit Business Audit" AccessDenyRoleId="2,3,5,4,8" Active="Y" />
		<Access MenuName="Transaction Search" AccessName="Edit Total Volume Audit" AccessDenyRoleId="6,2,3,5,4,8" Active="Y" />
		<Access MenuName="Transaction Search" AccessName="Edit Workflow Internal Audit" AccessDenyRoleId="6,2,3,4,5" Active="Y" />
		<Access MenuName="Transaction Search" AccessName="Edit Workflow External Audit" AccessDenyRoleId="6,2,3,5,4,8" Active="Y" />
		<Access MenuName="Transaction Search" AccessName="Edit Workflow Business Audit" AccessDenyRoleId="6,2,3,5,4,8" Active="Y" />
		<Access MenuName="Transaction Search" AccessName="Edit Workflow Total Volume Audit" AccessDenyRoleId="6,2,3,5,4,8" Active="Y" />
		<Access MenuName="Dashboard" AccessName="Supervisor Audit Info" AccessDenyRoleId="4,5,8,2,3,6" Active="Y" />
		<Access MenuName="Dashboard" AccessName="External Audit Info" AccessDenyRoleId="5,3" Active="Y" />
		<Access MenuName="Dashboard" AccessName="Total Volume Audit Info" AccessDenyRoleId="4,5,8,2,3,6" Active="Y" />
		<Access MenuName="Transaction Search" AccessName="View Transaction" AccessDenyRoleId="" Active="Y" />
		<Access MenuName="Bulk Upload" AccessName="View Bulk Upload History" AccessDenyRoleId="8" Active="Y" />
		<Access MenuName="Bulk Upload" AccessName="Perform Bulk Upload" AccessDenyRoleId="8" Active="Y" />
		<Access MenuName="QC Feedback" AccessName="Audit - Rework Completed - ISNA Applicable" AccessDenyRoleId="3,5,6,2,4,9,8" Active="Y" />
    <Access MenuName="Tenant" AccessName="Tenant" AccessDenyRoleId="3,4,5,6,7,8,9" Active="Y" />
	</Program>
	<Program AccessDenyProgramId="5">
		<Access MenuName="Dashboard" AccessName="Supervisor Audit Info" AccessDenyRoleId="3,,,,,,5,6,2,4,9,8" Active="Y" />
		<Access MenuName="Dashboard" AccessName="Internal Audit Info" AccessDenyRoleId="3,6" Active="Y" />
		<Access MenuName="Dashboard" AccessName="External Audit Info" AccessDenyRoleId="3,,,,,,5" Active="Y" />
		<Access MenuName="Dashboard" AccessName="Business Audit Info" AccessDenyRoleId="3,,,,,,5" Active="Y" />
		<Access MenuName="Dashboard" AccessName="Total Volume Audit Info" AccessDenyRoleId="3,,,,,,5,6,,,,,2,4,9,8" Active="Y" />
		<Access MenuName="Transaction Search" AccessName="Edit Transaction" AccessDenyRoleId="3,5,,,4,8,6" Active="Y" />
		<Access MenuName="Transaction Search" AccessName="Delete Transaction" AccessDenyRoleId="3,5,,,4,8,6" Active="Y" />
		<Access MenuName="Transaction Search" AccessName="Edit Internal Audit" AccessDenyRoleId="3,5,,,2,4,8,6" Active="Y" />
		<Access MenuName="Transaction Search" AccessName="Edit External Audit" AccessDenyRoleId="3,5,,,2,4,8,6" Active="Y" />
		<Access MenuName="Transaction Search" AccessName="Edit Business Audit" AccessDenyRoleId="3,5,,,2,4,8,6" Active="Y" />
		<Access MenuName="Transaction Search" AccessName="Edit Total Volume Audit" AccessDenyRoleId="3,5,,,2,4,8,6" Active="Y" />
		<Access MenuName="Transaction Search" AccessName="Edit Workflow Internal Audit" AccessDenyRoleId="3,5,,2,4,6" Active="Y" />
		<Access MenuName="Transaction Search" AccessName="Edit Workflow External Audit" AccessDenyRoleId="3,5,,,2,4,6" Active="Y" />
		<Access MenuName="Transaction Search" AccessName="Edit Workflow Business Audit" AccessDenyRoleId="3,5,,,2,4,6" Active="Y" />
		<Access MenuName="Transaction Search" AccessName="Edit Workflow Total Volume Audit" AccessDenyRoleId="3,5,,,2,4,8,6" Active="Y" />
		<Access MenuName="Dashboard" AccessName="Processing Info" AccessDenyRoleId="5,6" Active="Y" />
		<Access MenuName="Bulk Upload" AccessName="View Bulk Upload History" AccessDenyRoleId="8" Active="Y" />
		<Access MenuName="Bulk Upload" AccessName="Perform Bulk Upload" AccessDenyRoleId="8" Active="Y" />
		<Access MenuName="Auto Allocation" AccessName="Auto Sampling - Internal Audit" AccessDenyRoleId="9" Active="Y" />
		<Access MenuName="Auto Allocation" AccessName="Auto Sampling - External Audit" AccessDenyRoleId="9" Active="Y" />
		<Access MenuName="Manual Allocation" AccessName="Manual Allocation - Internal Audit" AccessDenyRoleId="9" Active="Y" />
		<Access MenuName="Manual Allocation" AccessName="Manual Allocation - External Audit" AccessDenyRoleId="9" Active="Y" />
		<Access MenuName="Auto Allocation" AccessName="Auto Sampling - Business Audit" AccessDenyRoleId="" Active="Y" />
		<Access MenuName="Manual Allocation" AccessName="Manual Allocation - Business Audit" AccessDenyRoleId="" Active="Y" />
    <Access MenuName="Tenant" AccessName="Tenant" AccessDenyRoleId="3,4,5,6,7,8,9" Active="Y" />
	</Program>
	<Program AccessDenyProgramId="6">
		<Access MenuName="Dashboard" AccessName="Processing Info" AccessDenyRoleId="5,6,9" Active="Y" />
		<Access MenuName="Dashboard" AccessName="Internal Audit Info" AccessDenyRoleId="3,6,9" Active="Y" />
		<Access MenuName="Dashboard" AccessName="Business Audit Info" AccessDenyRoleId="4,5,8,2,3,6" Active="Y" />
		<Access MenuName="Transaction Search" AccessName="Edit Transaction" AccessDenyRoleId="1,6,3,5,4,8" Active="Y" />
		<Access MenuName="Transaction Search" AccessName="Delete Transaction" AccessDenyRoleId="1,6,3,5,4,8" Active="Y" />
		<Access MenuName="Transaction Search" AccessName="Edit Internal Audit" AccessDenyRoleId="1,6,2,3,5,4,8" Active="Y" />
		<Access MenuName="Transaction Search" AccessName="Edit External Audit" AccessDenyRoleId="1,2,3,5,6,4,8" Active="Y" />
		<Access MenuName="Transaction Search" AccessName="Edit Business Audit" AccessDenyRoleId="2,3,5,4,,6,8" Active="Y" />
		<Access MenuName="Transaction Search" AccessName="Edit Total Volume Audit" AccessDenyRoleId="6,2,3,5,4,8" Active="Y" />
		<Access MenuName="Transaction Search" AccessName="Edit Workflow Internal Audit" AccessDenyRoleId="6,2,3,4,5" Active="Y" />
		<Access MenuName="Transaction Search" AccessName="Edit Workflow External Audit" AccessDenyRoleId="6,2,3,5,4" Active="Y" />
		<Access MenuName="Transaction Search" AccessName="Edit Workflow Business Audit" AccessDenyRoleId="6,2,3,5,4" Active="Y" />
		<Access MenuName="Transaction Search" AccessName="Edit Workflow Total Volume Audit" AccessDenyRoleId="6,2,3,5,4,8" Active="Y" />
		<Access MenuName="Dashboard" AccessName="Supervisor Audit Info" AccessDenyRoleId="4,5,8,2,3,6" Active="Y" />
		<Access MenuName="Dashboard" AccessName="External Audit Info" AccessDenyRoleId="3,5" Active="Y" />
		<Access MenuName="Dashboard" AccessName="Total Volume Audit Info" AccessDenyRoleId="4,5,8,2,3,6" Active="Y" />
		<Access MenuName="Transaction Search" AccessName="View Transaction" AccessDenyRoleId="" Active="Y" />
		<Access MenuName="Bulk Upload" AccessName="View Bulk Upload History" AccessDenyRoleId="8" Active="Y" />
		<Access MenuName="Bulk Upload" AccessName="Perform Bulk Upload" AccessDenyRoleId="8" Active="Y" />
    <Access MenuName="Tenant" AccessName="Tenant" AccessDenyRoleId="3,4,5,6,7,8,9" Active="Y" />
	</Program>
	<Program AccessDenyProgramId="8">
		<Access MenuName="External Audit" AccessName="External Audit Work Bucket" AccessDenyRoleId="3" Active="Y" />
		<Access MenuName="Business Audit" AccessName="Business Audit Work Bucket" AccessDenyRoleId="3" Active="Y" />
    <Access MenuName="Tenant" AccessName="Tenant" AccessDenyRoleId="3,4,5,6,7,8,9" Active="Y" />
	</Program>
</AccessList>