﻿<?xml version="1.0" encoding="utf-8"?>
<AccessList>
	<Access MenuName="Dashboard" AccessName="Processing Info" Active="Y" />
	<Access MenuName="Dashboard" AccessName="Supervisor Audit Info" Active="Y" />
	<Access MenuName="Dashboard" AccessName="Internal Audit Info" Active="Y" />
	<Access MenuName="Dashboard" AccessName="Master Calibrator Audit Info" Active="Y" />
	<Access MenuName="Dashboard" AccessName="Calibrator Audit Info" Active="Y" />
	<Access MenuName="Dashboard" AccessName="External Audit Info" Active="Y" />
	<Access MenuName="Dashboard" AccessName="Business Audit Info" Active="Y" />
	<Access MenuName="Dashboard" AccessName="Total Volume Audit Info" Active="Y" />
	<Access MenuName="Users" AccessName="View User" Active="N" />
	<Access MenuName="Users" AccessName="Create/ Update User" Active="N" />
	<Access MenuName="Users" AccessName="Delete User" Active="N" />
	<Access MenuName="Users" AccessName="Create/ Update User Group" Active="N" />
	<Access MenuName="Users" AccessName="View User Group Mapping" Active="N" />
	<Access MenuName="Users" AccessName="Map User to Group" Active="N" />
	<Access MenuName="Users" AccessName="View User Role Mapping" Active="N" />
	<Access MenuName="Users" AccessName="Map Role to User" Active="N" />
	<Access MenuName="Users" AccessName="Unmap Role from User" Active="N" />
	<Access MenuName="Users" AccessName="View Permission Mapped to Role" Active="N" />
	<Access MenuName="Users" AccessName="Modify Permission Mapped to Role" Active="N" />
	<Access MenuName="Process" AccessName="View Process" Active="N" />
	<Access MenuName="Process" AccessName="Create/ Modify Process" Active="N" />
	<Access MenuName="Sub-Process" AccessName="View Sub-Process" Active="N" />
	<Access MenuName="Sub-Process" AccessName="Create/ Modify Sub-Process" Active="N" />
	<Access MenuName="Workflow &amp; QC" AccessName="View WF &amp; QC" Active="N" />
	<Access MenuName="Workflow &amp; QC" AccessName="Create/ Modify WF &amp; QC" Active="N" />
	<Access MenuName="Data Element" AccessName="View Data Element" Active="N" />
	<Access MenuName="Data Element" AccessName="Create/ Modify Data Element" Active="N" />
	<Access MenuName="Data Element" AccessName="Delete Data Element" Active="N" />
	<Access MenuName="Data Element" AccessName="View Ranking" Active="N" />
	<Access MenuName="Data Element" AccessName="Set Ranking" Active="N" />
	<Access MenuName="Data Element" AccessName="View List Item" Active="N" />
	<Access MenuName="Data Element" AccessName="Create/ Modify List Item" Active="N" />
	<Access MenuName="Data Element" AccessName="Delete List Item" Active="N" />
	<Access MenuName="Feedback Email" AccessName="View Mail Config." Active="N" />
	<Access MenuName="Feedback Email" AccessName="Create/ Modify Mail Config." Active="N" />
	<Access MenuName="Feedback Email" AccessName="Map Mail Recipients" Active="N" />
	<Access MenuName="Status &amp; Reason" AccessName="View Status" Active="N" />
	<Access MenuName="Status &amp; Reason" AccessName="Create/ Modify Status" Active="N" />
	<Access MenuName="Status &amp; Reason" AccessName="Delete Status" Active="N" />
	<Access MenuName="Status &amp; Reason" AccessName="View Reason" Active="N" />
	<Access MenuName="Status &amp; Reason" AccessName="Create/ Modify Reason" Active="N" />
	<Access MenuName="Status &amp; Reason" AccessName="Delete Reason" Active="N" />
	<Access MenuName="Rating" AccessName="View Rating" Active="N" />
	<Access MenuName="Rating" AccessName="Create/ Modify Rating" Active="N" />
	<Access MenuName="Rating" AccessName="Delete Rating" Active="N" />
	<Access MenuName="Rating" AccessName="View Rating Group" Active="N" />
	<Access MenuName="Rating" AccessName="Create/ Modify Rating Group" Active="N" />
	<Access MenuName="Rating" AccessName="Delete Rating Group" Active="N" />
	<Access MenuName="Defect Opportunity" AccessName="View Category" Active="N" />
	<Access MenuName="Defect Opportunity" AccessName="Create/ Modify Category" Active="N" />
	<Access MenuName="Defect Opportunity" AccessName="Delete Category" Active="N" />
	<Access MenuName="Defect Opportunity" AccessName="View Heading" Active="N" />
	<Access MenuName="Defect Opportunity" AccessName="Create/ Modify Heading" Active="Y" />
	<Access MenuName="Defect Opportunity" AccessName="Delete Heading" Active="N" />
	<Access MenuName="Defect Opportunity" AccessName="View CTQ" Active="N" />
	<Access MenuName="Defect Opportunity" AccessName="Create/ Modify CTQ" Active="N" />
	<Access MenuName="Defect Opportunity" AccessName="Delete CTQ" Active="N" />
	<Access MenuName="Defect Opportunity" AccessName="View Sub-Defect1" Active="N" />
	<Access MenuName="Defect Opportunity" AccessName="Create/ Modify Sub-Defect1" Active="N" />
	<Access MenuName="Defect Opportunity" AccessName="Delete Sub-Defect1" Active="N" />
	<Access MenuName="Defect Opportunity" AccessName="View Sub-Defect2" Active="N" />
	<Access MenuName="Defect Opportunity" AccessName="Create/ Modify Sub-Defect2" Active="N" />
	<Access MenuName="Defect Opportunity" AccessName="Delete Sub-Defect2" Active="N" />
	<Access MenuName="Defect Opportunity" AccessName="Add/ Modify Weightage" Active="N" />
	<Access MenuName="Defect Opportunity" AccessName="Copy CTQ" Active="N" />
	<Access MenuName="Combined Accuracy" AccessName="Configure Combined Accuracy" Active="N" />
	<Access MenuName="Holiday" AccessName="View Holiday" Active="N" />
	<Access MenuName="Holiday" AccessName="Create/ Modify Holiday" Active="N" />
	<Access MenuName="Holiday" AccessName="Delete Holiday" Active="N" />
	<Access MenuName="Transaction Search" AccessName="View Transaction" Active="Y" />
	<Access MenuName="Transaction Search" AccessName="Edit Transaction" Active="Y" />
	<Access MenuName="Transaction Search" AccessName="Delete Transaction" Active="Y" />
	<Access MenuName="Transaction Search" AccessName="Edit Internal Audit" Active="Y" />
	<Access MenuName="Transaction Search" AccessName="Edit External Audit" Active="Y" />
	<Access MenuName="Transaction Search" AccessName="Edit Business Audit" Active="Y" />
	<Access MenuName="Transaction Search" AccessName="Edit Total Volume Audit" Active="Y" />
	<Access MenuName="Transaction Search" AccessName="Edit Workflow Internal Audit" Active="Y" />
	<Access MenuName="Transaction Search" AccessName="Edit Workflow External Audit" Active="Y" />
	<Access MenuName="Transaction Search" AccessName="Edit Workflow Business Audit" Active="Y" />
	<Access MenuName="Transaction Search" AccessName="Edit Workflow Total Volume Audit" Active="Y" />
	<Access MenuName="Score Correction" AccessName="Score Change Recommendation Work Bucket View" Active="Y" />
	<Access MenuName="Score Correction" AccessName="Score Change Recommendation Work Bucket Pick" Active="Y" />
	<Access MenuName="Score Correction" AccessName="Score Change Recommendation History" Active="Y" />
	<Access MenuName="Sampling %" AccessName="View Internal Audit Sampling Rate" Active="N" />
	<Access MenuName="Sampling %" AccessName="Update Internal Audit Sampling Rate" Active="N" />
	<Access MenuName="Sampling %" AccessName="View External Audit Sampling Rate" Active="N" />
	<Access MenuName="Sampling %" AccessName="Update External Audit Sampling Rate" Active="N" />
	<Access MenuName="Sampling %" AccessName="View Business Audit Sampling Rate" Active="N" />
	<Access MenuName="Sampling %" AccessName="Update Business Audit Sampling Rate" Active="N" />
	<Access MenuName="Auto Allocation" AccessName="Auto Sampling - Internal Audit" Active="Y" />
	<Access MenuName="Auto Allocation" AccessName="Auto Sampling &amp; Allocation - Internal Audit" Active="N" />
	<Access MenuName="Auto Allocation" AccessName="Auto Sampling - External Audit" Active="Y" />
	<Access MenuName="Auto Allocation" AccessName="Auto Sampling - Business Audit" Active="Y" />
	<Access MenuName="Manual Allocation" AccessName="Manual Allocation - Internal Audit View" Active="N" />
	<Access MenuName="Manual Allocation" AccessName="Manual Allocation - Internal Audit Assign" Active="N" />
	<Access MenuName="Manual Allocation" AccessName="Manual Allocation - External Audit View" Active="N" />
	<Access MenuName="Manual Allocation" AccessName="Manual Allocation - External Audit Assign" Active="N" />
	<Access MenuName="Manual Allocation" AccessName="Manual Allocation - Business Audit View" Active="N" />
	<Access MenuName="Manual Allocation" AccessName="Manual Allocation - Business Audit Assign" Active="N" />
	<Access MenuName="Manual Allocation" AccessName="Manual Allocation - Internal Audit" Active="Y" />
	<Access MenuName="Manual Allocation" AccessName="Manual Allocation - External Audit" Active="Y" />
	<Access MenuName="Manual Allocation" AccessName="Manual Allocation - Business Audit" Active="Y" />
	<Access MenuName="Re-allocation" AccessName="Reallocation - Internal Audit View" Active="N" />
	<Access MenuName="Re-allocation" AccessName="Reallocation - Internal Audit Assign" Active="N" />
	<Access MenuName="Re-allocation" AccessName="Reallocation - External Audit View" Active="N" />
	<Access MenuName="Re-allocation" AccessName="Reallocation - External Audit Assign" Active="N" />
	<Access MenuName="Re-allocation" AccessName="Reallocation - Business Audit View" Active="N" />
	<Access MenuName="Re-allocation" AccessName="Reallocation - Business Audit Assign" Active="N" />
	<Access MenuName="Bulk Upload" AccessName="View Bulk Upload History" Active="Y" />
	<Access MenuName="Bulk Upload" AccessName="Perform Bulk Upload" Active="Y" />
	<Access MenuName="Transaction Creation" AccessName="Transaction Creation" Active="N" />
	<Access MenuName="QC Feedback" AccessName="Supervisor Audit Feedback" Active="N" />
	<Access MenuName="QC Feedback" AccessName="Internal Audit Feedback" Active="N" />
	<Access MenuName="QC Feedback" AccessName="External Audit Feedback" Active="N" />
	<Access MenuName="QC Feedback" AccessName="Business Audit Feedback" Active="N" />
	<Access MenuName="QC Feedback" AccessName="Total Volume Audit Feedback" Active="N" />
	<Access MenuName="Supervisor Audit" AccessName="Supervisor Audit Work Bucket" Active="Y" />
	<!--<Access MenuName="Supervisor Audit" AccessName="Supervisor Audit Work Bucket Pick" Active="N" />-->
	<Access MenuName="Internal Audit" AccessName="Internal Audit Work Bucket" Active="Y" />
	<Access MenuName="Calibrator Audit" AccessName="Calibrator Audit Work Bucket" Active="Y" />
	<Access MenuName="Matser Calibrator Audit" AccessName="Master Calibrator Audit Work Bucket" Active="Y" />
	<!--<Access MenuName="Internal Audit" AccessName="Internal Audit Work Bucket Pick" Active="N" />-->
	<Access MenuName="External Audit" AccessName="External Audit Work Bucket" Active="Y" />
	<!--<Access MenuName="External Audit" AccessName="External Audit Work Bucket Pick" Active="N" />-->
	<Access MenuName="Business Audit" AccessName="Business Audit Work Bucket" Active="Y" />
	<!--<Access MenuName="Business Audit" AccessName="Business Audit Work Bucket Pick" Active="N" />-->
	<Access MenuName="Total Volume Audit" AccessName="Total Volume Audit Work Bucket" Active="Y" />
	<Access MenuName="Final Audit Update" AccessName="Final Audit Update Work Bucket" Active="Y" />
	<!--Added for GCS CR II change-->
	<Access MenuName="QC Feedback" AccessName="Audit - Rework Completed - ISNA Applicable" Active="Y" />
	<Access MenuName="Sub-Process Validation" AccessName="Sub-Process Validation" Active="Y" />
	<Access MenuName="Master Calibrator Allocation" AccessName="View Transaction" Active="Y" />
  <Access MenuName="Data Element" AccessName="Static Element Configuration" Active="Y" />
  <Access MenuName="Tenant" AccessName="Tenant" Active="Y" />
  
  
	<!--<Access MenuName="Total Volume Audit" AccessName="Total Volume Audit Work Bucket Pick" Active="N" />-->
	<!--<Access MenuName="Reports" AccessName="Associate Report" Active="Y" />
	<Access MenuName="Reports" AccessName="Business Audit Report" Active="Y" />
	<Access MenuName="Reports" AccessName="Consolidated Report" Active="Y" />
	<Access MenuName="Reports" AccessName="Deleted Records Report" Active="Y" />
	<Access MenuName="Reports" AccessName="External Audit Report" Active="Y" />
	<Access MenuName="Reports" AccessName="Frequency Report" Active="Y" />
	<Access MenuName="Reports" AccessName="Internal Audit Report" Active="Y" />
	<Access MenuName="Reports" AccessName="Pending Internal Audit Report" Active="Y" />
	<Access MenuName="Reports" AccessName="Quart Usage Report" Active="Y" />
	<Access MenuName="Reports" AccessName="Sampling Comparison Report" Active="Y" />
	<Access MenuName="Reports" AccessName="Score Correction Audit Trail Report" Active="Y" />
	<Access MenuName="Reports" AccessName="Score Correction Recommendation Report" Active="Y" />
	<Access MenuName="Reports" AccessName="Total Volume Audit Report" Active="Y" />
	<Access MenuName="Reports" AccessName="Unallocated Transactions Report" Active="Y" />-->
</AccessList>