﻿<?xml version="1.0" encoding="utf-8"?>
<root>
	<category id="audit">
		<internal>Cognizant</internal>
		<external>External</external>
		<business>Business</business>
		<audit>QC</audit>
	</category>
	<category id="qparameter">
		<checkpoint>CTQ</checkpoint>
	</category>
	<category id="corestatus">
		<core></core>
		<Transaction></Transaction>
		<Status></Status>
	</category>
	<category id="StaticFields">
		<RECEIVED_ON>Received Date</RECEIVED_ON>
		<PROCESSED_ON>Processed Date</PROCESSED_ON>
		<NO_OF_LINE>No. of Lines</NO_OF_LINE>
	</category>
	<Program id="0">
		<category id="program">
			<program>Program</program>
			<process>Process</process>
			<subprocess>Sub-Process</subprocess>
		</category>
		<category id="audit">
			<internal>Cognizant</internal>
			<external>HIG FAO Team</external>
			<business>HIG Process Owner</business>
			<audit>QC</audit>
		</category>
		<category id="qparameter">
			<checkpoint>CTQ</checkpoint>
		</category>
		<category id="corestatus">
			<core></core>
			<Transaction></Transaction>
			<Status></Status>
		</category>
		<category id="StaticFields">
			<RECEIVED_ON>Received Date</RECEIVED_ON>
			<PROCESSED_ON>Processed Date</PROCESSED_ON>
			<NO_OF_LINE>No. of Lines</NO_OF_LINE>
		</category>
	</Program>
	<Program id="1">
		<category id="program">
			<program>Program</program>
			<process>Process</process>
			<subprocess>Sub-Process</subprocess>
		</category>
		<category id="audit">
			<internal>Cognizant</internal>
			<external>Check-the-Checker</external>
			<business>Independent</business>
			<audit>QC</audit>
		</category>
		<category id="qparameter">
			<checkpoint>CTQ</checkpoint>
		</category>
		<category id="corestatus">
			<core></core>
			<Transaction></Transaction>
			<Status></Status>
		</category>
	</Program>
	<Program id="2">
		<category id="program">
			<program>Program</program>
			<process>Process</process>
			<subprocess>Sub-Process</subprocess>
		</category>
		<category id="audit">
			<internal>Cognizant</internal>
			<external>Check-the-Checker</external>
			<business>Independent</business>
			<audit>QA</audit>
		</category>
		<category id="qparameter">
			<checkpoint>CTQ</checkpoint>
		</category>
		<category id="subdefects">
			<subdefect1>Sub Defect1</subdefect1>
			<subdefect2>Sub Defect2</subdefect2>
			<subdefect3>Sub Defect3</subdefect3>
			<subdefect4>Sub Defect4</subdefect4>
			<subdefect5>Sub Defect5</subdefect5>
		</category>
		<category id="corestatus">
			<core></core>
			<Transaction></Transaction>
			<Status></Status>
		</category>
		<category id="StaticFields">
			<RECEIVED_ON>Mitchell_Date_Received</RECEIVED_ON>
			<PROCESSED_ON>Bill_Complete_Date</PROCESSED_ON>
			<NO_OF_LINE>Bill_Line_Count</NO_OF_LINE>
		</category>
	</Program>
	<Program id="3">
		<category id="program">
			<program>Tower</program>
			<process>Process</process>
			<subprocess>Task</subprocess>
		</category>
		<category id="audit">
			<internal>Cognizant</internal>
			<external>Customer</external>
			<business>HIG Process Owner</business>
			<audit>QC</audit>
		</category>
		<category id="qparameter">
			<checkpoint>CTQ</checkpoint>
		</category>
		<category id="dashboard">
			<processed>Total Processed</processed>
			<reworkpending>Awaiting Rework</reworkpending>
			<savedwip>WIP</savedwip>
			<assigned>Total allocated</assigned>
			<saved>WIP</saved>
		</category>
		<category id="subdefects">
			<subdefect1>Sub Defect1</subdefect1>
			<subdefect2>Sub Defect2</subdefect2>
		</category>
		<category id="corestatus">
			<core></core>
			<Transaction></Transaction>
			<Status></Status>
		</category>
	</Program>
	<Program id="4">
		<category id="program">
			<program>Program</program>
			<process>Process</process>
			<subprocess>Sub-Process</subprocess>
		</category>
		<category id="audit">
			<internal>Cognizant</internal>
			<external>External</external>
			<business>Business</business>
			<audit>QC</audit>
			<calibrator>Calibrator</calibrator>
			<Mcalibrator>Master Calibrator</Mcalibrator>

		</category>
		<category id="qparameter">
			<checkpoint>CTQ</checkpoint>
		</category>
		<category id="subdefects">
			<subdefect1>Sub Defect1</subdefect1>
			<subdefect2>Sub Defect2</subdefect2>
		</category>
		<category id="corestatus">
			<core></core>
			<Transaction></Transaction>
			<Status></Status>
		</category>
		<category id="StaticFields">
			<RECEIVED_ON>Received Date</RECEIVED_ON>
			<PROCESSED_ON>Processed Date</PROCESSED_ON>
		</category>
	</Program>
	<Program id="5">
		<category id="program">
			<program>Program</program>
			<process>Process</process>
			<subprocess>Sub-Process</subprocess>
		</category>
		<category id="audit">
			<internal>Cognizant</internal>
			<external>Check-the-checker</external>
			<business>Business</business>
			<audit>QC</audit>
		</category>
		<category id="qparameter">
			<checkpoint>CTQ</checkpoint>
		</category>
		<category id="subdefects">
			<subdefect1>Sub Defect1</subdefect1>
			<subdefect2>Sub Defect2</subdefect2>
		</category>
		<category id="corestatus">
			<core></core>
			<Transaction></Transaction>
			<Status></Status>
		</category>
		<category id="StaticFields">
			<RECEIVED_ON>Received Date</RECEIVED_ON>
			<PROCESSED_ON>Processed Date</PROCESSED_ON>
		</category>
	</Program>
	<Program id="6">
		<category id="program">
			<program>Program</program>
			<process>Process</process>
			<subprocess>Sub-Process</subprocess>
		</category>
		<category id="audit">
			<internal>Cognizant</internal>
			<external>External</external>
			<business>Business</business>
			<audit>QC</audit>
		</category>
		<category id="qparameter">
			<checkpoint>CTQ</checkpoint>
		</category>
		<category id="subdefects">
			<subdefect1>Sub-Defect1</subdefect1>
			<subdefect2>Sub Defect2</subdefect2>
		</category>
		<category id="corestatus">
			<core></core>
			<Transaction></Transaction>
			<Status></Status>
		</category>
	</Program>
	<Program id="8">
		<category id="program">
			<program>Program</program>
			<process>Process</process>
			<subprocess>Sub-Process</subprocess>
		</category>
		<category id="audit">
			<internal>Cognizant</internal>
			<external>HIG FAO Team</external>
			<business>HIG Process Owner</business>
			<audit>QC</audit>
		</category>
		<category id="qparameter">
			<checkpoint>CTQ</checkpoint>
		</category>
		<category id="corestatus">
			<core></core>
			<Transaction></Transaction>
			<Status></Status>
		</category>
		<category id="StaticFields">
			<RECEIVED_ON>Received Date</RECEIVED_ON>
			<PROCESSED_ON>Processed Date</PROCESSED_ON>
			<NO_OF_LINE>No. of Lines</NO_OF_LINE>
		</category>
	</Program>
</root>