﻿
<EXCEL_TEMPLATE_DEFINITIONS>

  <TEMPLATE _NAME="BULKUPLOADTEMPLATE" _MULTISHEET="Y">
    <WORKSHEET _NAME="Process" _HEADER_PRESENT="TRUE" _SINGLE_ROW="YES" >
      <HEADER _ROW_NO="1" _DATA_START_ROW="2"/>
      <COLUMN _SEQ_NO="1" _COL_NO="1" _COL_HEADER_NAME="ProgramName" _COL_DATA_TYPE="TEXT" _READIABILITY="T"/>
      <COLUMN _SEQ_NO="2" _COL_NO="2" _COL_HEADER_NAME="ProcessName" _COL_DATA_TYPE="TEXT" _READIABILITY="T"/>
      <COLUMN _SEQ_NO ="3"  _COL_NO ="3" _COL_HEADER_NAME="DisplayName" _COL_DATA_TYPE="TEXT" _READIABILITY="T"/>

      <COLUMN _SEQ_NO ="4"  _COL_NO ="4" _COL_HEADER_NAME="EffectiveFrom" _COL_DATA_TYPE="DATE" _READIABILITY="T"/>
      <COLUMN _SEQ_NO ="5"  _COL_NO ="5" _COL_HEADER_NAME="EffectiveTo" _COL_DATA_TYPE="DATE" _READIABILITY="T"/>
      <COLUMN _SEQ_NO ="6"  _COL_NO ="6" _COL_HEADER_NAME="bIsActive" _COL_DATA_TYPE="NUMERIC" _READIABILITY="T"/>
      <COLUMN _SEQ_NO ="6"  _COL_NO ="6" _COL_HEADER_NAME="CreatedBy" _COL_DATA_TYPE="NUMERIC" _READIABILITY="T"/>
      <COLUMN _SEQ_NO ="7"  _COL_NO ="7" _COL_HEADER_NAME="ModifiedBy" _COL_DATA_TYPE="NUMERIC" _READIABILITY="T"/>

    </WORKSHEET>
    <WORKSHEET _NAME="SubProcess" _HEADER_PRESENT="TRUE" _SINGLE_ROW="YES" >
      <HEADER _ROW_NO="1" _DATA_START_ROW="2"/>
      <COLUMN _SEQ_NO="1" _COL_NO="1" _COL_HEADER_NAME="ProgramName" _COL_DATA_TYPE="TEXT" _READIABILITY="T"/>
      <COLUMN _SEQ_NO="2" _COL_NO="2" _COL_HEADER_NAME="ProcessName" _COL_DATA_TYPE="TEXT" _READIABILITY="T"/>
      <COLUMN _SEQ_NO="3" _COL_NO="3" _COL_HEADER_NAME="SubProcessName" _COL_DATA_TYPE="TEXT" _READIABILITY="T"/>
      <COLUMN  _SEQ_NO ="4" _COL_NO ="4" _COL_HEADER_NAME="GroupIdName" _COL_DATA_TYPE="TEXT" _READIABILITY="T"/>
      <COLUMN _SEQ_NO ="5"  _COL_NO ="5" _COL_HEADER_NAME="dContractualSamplingPct" _COL_DATA_TYPE="DECIMAL" _READIABILITY="T"/>
      <COLUMN _SEQ_NO ="6"  _COL_NO ="6" _COL_HEADER_NAME="EffectiveFrom" _COL_DATA_TYPE="DATE" _READIABILITY="T"/>
      <COLUMN _SEQ_NO ="7"  _COL_NO ="7" _COL_HEADER_NAME="EffectiveTo" _COL_DATA_TYPE="DATE" _READIABILITY="T"/>
      <COLUMN _SEQ_NO ="8"  _COL_NO ="8" _COL_HEADER_NAME="CreatedBy" _COL_DATA_TYPE="TEXT" _READIABILITY="T"/>
      <COLUMN _SEQ_NO ="9"  _COL_NO ="9" _COL_HEADER_NAME="ModifiedBy" _COL_DATA_TYPE="TEXT" _READIABILITY="T"/>
      <COLUMN _SEQ_NO ="10"  _COL_NO ="10" _COL_HEADER_NAME="SLALevelName" _COL_DATA_TYPE="TEXT" _READIABILITY="T"/>


    </WORKSHEET>
    <WORKSHEET _NAME="User" _HEADER_PRESENT="TRUE" _SINGLE_ROW="YES" >
      <HEADER _ROW_NO="1" _DATA_START_ROW="2"/>
      <COLUMN _SEQ_NO="1" _COL_NO="1" _COL_HEADER_NAME="CTS User ID" _COL_DATA_TYPE="TEXT" _READIABILITY="T"/>
      <COLUMN  _SEQ_NO ="2" _COL_NO ="2" _COL_HEADER_NAME="Client User ID" _COL_DATA_TYPE="TEXT" _READIABILITY="T"/>
      <COLUMN _SEQ_NO ="3"  _COL_NO ="3" _COL_HEADER_NAME="User Name" _COL_DATA_TYPE="TEXT" _READIABILITY="T"/>
      <COLUMN _SEQ_NO ="4"  _COL_NO ="4" _COL_HEADER_NAME="Email" _COL_DATA_TYPE="TEXT" _READIABILITY="T"/>
      <COLUMN _SEQ_NO ="5"  _COL_NO ="5" _COL_HEADER_NAME="Effective From" _COL_DATA_TYPE="TEXT" _READIABILITY="T"/>
      <COLUMN _SEQ_NO ="6"  _COL_NO ="6" _COL_HEADER_NAME="Effective To" _COL_DATA_TYPE="TEXT" _READIABILITY="T"/>
    </WORKSHEET>
    <WORKSHEET _NAME="UserGroup" _HEADER_PRESENT="TRUE" _SINGLE_ROW="YES" >
      <HEADER _ROW_NO="1" _DATA_START_ROW="2"/>
      <COLUMN _SEQ_NO="1" _COL_NO="1" _COL_HEADER_NAME="Program" _COL_DATA_TYPE="TEXT" _READIABILITY="T"/>
      <COLUMN  _SEQ_NO ="2" _COL_NO ="2" _COL_HEADER_NAME="Effective From" _COL_DATA_TYPE="TEXT" _READIABILITY="T"/>
      <COLUMN _SEQ_NO ="3"  _COL_NO ="3" _COL_HEADER_NAME="Effective To" _COL_DATA_TYPE="TEXT" _READIABILITY="T"/>
      <COLUMN _SEQ_NO ="4"  _COL_NO ="4" _COL_HEADER_NAME="User Group" _COL_DATA_TYPE="TEXT" _READIABILITY="T"/>
    </WORKSHEET>
    <WORKSHEET _NAME="UserGroup-UserMapping" _HEADER_PRESENT="TRUE" _SINGLE_ROW="YES" >
      <HEADER _ROW_NO="1" _DATA_START_ROW="2"/>
      <COLUMN _SEQ_NO="1" _COL_NO="1" _COL_HEADER_NAME="Program" _COL_DATA_TYPE="TEXT" _READIABILITY="T"/>
       <!--<COLUMN  _SEQ_NO ="2" _COL_NO ="2" _COL_HEADER_NAME="Effective From" _COL_DATA_TYPE="TEXT" _READIABILITY="T"/>
      <COLUMN _SEQ_NO ="3"  _COL_NO ="3" _COL_HEADER_NAME="Effective To" _COL_DATA_TYPE="TEXT" _READIABILITY="T"/>-->
      <COLUMN  _SEQ_NO ="2" _COL_NO ="2" _COL_HEADER_NAME="User Group" _COL_DATA_TYPE="TEXT" _READIABILITY="T"/>
      <COLUMN _SEQ_NO ="3"  _COL_NO ="3" _COL_HEADER_NAME="User" _COL_DATA_TYPE="TEXT" _READIABILITY="T"/>
    </WORKSHEET>
    <WORKSHEET _NAME="UserRoleMapping" _HEADER_PRESENT="TRUE" _SINGLE_ROW="YES" >
      <HEADER _ROW_NO="1" _DATA_START_ROW="2"/>
       <COLUMN _SEQ_NO="1" _COL_NO="1" _COL_HEADER_NAME="Program" _COL_DATA_TYPE="TEXT" _READIABILITY="T"/>
       <!--<COLUMN  _SEQ_NO ="2" _COL_NO ="2" _COL_HEADER_NAME="Effective From" _COL_DATA_TYPE="TEXT" _READIABILITY="T"/>
      <COLUMN _SEQ_NO ="3"  _COL_NO ="3" _COL_HEADER_NAME="Effective To" _COL_DATA_TYPE="TEXT" _READIABILITY="T"/>-->
      <COLUMN _SEQ_NO="2" _COL_NO="2" _COL_HEADER_NAME="UserGroup" _COL_DATA_TYPE="TEXT" _READIABILITY="T"/>      
      <COLUMN  _SEQ_NO ="3" _COL_NO ="3" _COL_HEADER_NAME="User" _COL_DATA_TYPE="TEXT" _READIABILITY="T"/>
      <COLUMN _SEQ_NO ="4"  _COL_NO ="4" _COL_HEADER_NAME="Role" _COL_DATA_TYPE="TEXT" _READIABILITY="T"/>
    </WORKSHEET>
    <WORKSHEET _NAME="RolePermissionMapping" _HEADER_PRESENT="TRUE" _SINGLE_ROW="YES" >
      <HEADER _ROW_NO="1" _DATA_START_ROW="2"/>
      <COLUMN _SEQ_NO="1" _COL_NO="1" _COL_HEADER_NAME="Program" _COL_DATA_TYPE="TEXT" _READIABILITY="T"/>
      <COLUMN  _SEQ_NO ="2" _COL_NO ="2" _COL_HEADER_NAME="Process" _COL_DATA_TYPE="TEXT" _READIABILITY="T"/>
      <COLUMN _SEQ_NO ="3"  _COL_NO ="3" _COL_HEADER_NAME="SubProcess" _COL_DATA_TYPE="TEXT" _READIABILITY="T"/>
      <COLUMN _SEQ_NO ="4"  _COL_NO ="4" _COL_HEADER_NAME="Role" _COL_DATA_TYPE="TEXT" _READIABILITY="T"/>
      <COLUMN _SEQ_NO ="5"  _COL_NO ="5" _COL_HEADER_NAME="Permissions" _COL_DATA_TYPE="TEXT" _READIABILITY="T"/>
    </WORKSHEET>

    <WORKSHEET _NAME="RatingType" _HEADER_PRESENT="TRUE" _SINGLE_ROW="YES" >
      <HEADER   _ROW_NO ="1"  _DATA_START_ROW="2"/>
      <COLUMN   _SEQ_NO ="1"  _COL_NO = "1"   _COL_HEADER_NAME="Subprocess"               _COL_DATA_TYPE="TEXT"  _READIABILITY="T"/>
      <COLUMN   _SEQ_NO ="2"  _COL_NO = "2"   _COL_HEADER_NAME="RatingType"   _COL_DATA_TYPE="TEXT"     _READIABILITY="T"/>
      <COLUMN   _SEQ_NO ="3"  _COL_NO = "3"   _COL_HEADER_NAME="RatingNotApplicable"  _COL_DATA_TYPE="NUMERIC"     _READIABILITY="T"/>

    </WORKSHEET>

    <WORKSHEET _NAME="RatingGroup" _HEADER_PRESENT="TRUE" _SINGLE_ROW="YES" >
      <HEADER _ROW_NO="1" _DATA_START_ROW="2"/>
      <COLUMN   _SEQ_NO ="1"  _COL_NO = "1"   _COL_HEADER_NAME="Subprocess"  _COL_DATA_TYPE="NUMERIC"  _READIABILITY="T"/>
      <COLUMN   _SEQ_NO ="2"  _COL_NO = "2"   _COL_HEADER_NAME="RatingGroup" _COL_DATA_TYPE="TEXT"     _READIABILITY="T"/>
      <COLUMN   _SEQ_NO ="3"  _COL_NO = "3"   _COL_HEADER_NAME="RatingType"  _COL_DATA_TYPE="TEXT"     _READIABILITY="T"/>
    </WORKSHEET>


    <WORKSHEET _NAME="Category" _HEADER_PRESENT="TRUE" _SINGLE_ROW="YES" >
      <HEADER _ROW_NO="1" _DATA_START_ROW="2"/>
      <COLUMN _SEQ_NO="1" _COL_NO="1" _COL_HEADER_NAME="Subprocess" _COL_DATA_TYPE="TEXT" _READIABILITY="T"/>
      <COLUMN  _SEQ_NO ="2" _COL_NO ="2" _COL_HEADER_NAME="Category" _COL_DATA_TYPE="TEXT" _READIABILITY="T"/>

    </WORKSHEET>

    <WORKSHEET _NAME="Heading" _HEADER_PRESENT="TRUE" _SINGLE_ROW="YES" >
      <HEADER _ROW_NO="1" _DATA_START_ROW="2"/>
      <COLUMN _SEQ_NO="1" _COL_NO="1" _COL_HEADER_NAME="Subprocess" _COL_DATA_TYPE="TEXT" _READIABILITY="T"/>
      <COLUMN  _SEQ_NO ="2" _COL_NO ="2" _COL_HEADER_NAME="Category" _COL_DATA_TYPE="TEXT" _READIABILITY="T"/>
      <COLUMN  _SEQ_NO ="3" _COL_NO ="3" _COL_HEADER_NAME="Heading" _COL_DATA_TYPE="TEXT" _READIABILITY="T"/>
      <COLUMN  _SEQ_NO ="4" _COL_NO ="4" _COL_HEADER_NAME="RatingGroup" _COL_DATA_TYPE="TEXT" _READIABILITY="T"/>
      <COLUMN  _SEQ_NO ="5" _COL_NO ="5" _COL_HEADER_NAME="CriticalityType" _COL_DATA_TYPE="TEXT" _READIABILITY="T"/>
    </WORKSHEET>
    <WORKSHEET _NAME="CTQ" _HEADER_PRESENT="TRUE" _SINGLE_ROW="YES" >
      <HEADER _ROW_NO="1" _DATA_START_ROW="2"/>
      <COLUMN _SEQ_NO="1" _COL_NO="1" _COL_HEADER_NAME="Subprocess" _COL_DATA_TYPE="TEXT" _READIABILITY="T"/>
      <COLUMN  _SEQ_NO ="2" _COL_NO ="2" _COL_HEADER_NAME="Category" _COL_DATA_TYPE="TEXT" _READIABILITY="T"/>
      <COLUMN  _SEQ_NO ="3" _COL_NO ="3" _COL_HEADER_NAME="Heading" _COL_DATA_TYPE="TEXT" _READIABILITY="T"/>
      <COLUMN  _SEQ_NO ="4" _COL_NO ="4" _COL_HEADER_NAME="RatingGroup" _COL_DATA_TYPE="TEXT" _READIABILITY="T"/>
      <COLUMN  _SEQ_NO ="5" _COL_NO ="5" _COL_HEADER_NAME="CriticalityType" _COL_DATA_TYPE="TEXT" _READIABILITY="T"/>
      <COLUMN  _SEQ_NO ="6" _COL_NO ="6" _COL_HEADER_NAME="CTQ" _COL_DATA_TYPE="TEXT" _READIABILITY="T"/>
    </WORKSHEET>


    <WORKSHEET _NAME="SubDefect1" _HEADER_PRESENT="TRUE" _SINGLE_ROW="YES" >
      <HEADER _ROW_NO="1" _DATA_START_ROW="2"/>
      <COLUMN _SEQ_NO="1" _COL_NO="1" _COL_HEADER_NAME="Subprocess" _COL_DATA_TYPE="TEXT" _READIABILITY="T"/>
      <COLUMN  _SEQ_NO ="2" _COL_NO ="2" _COL_HEADER_NAME="Category" _COL_DATA_TYPE="TEXT" _READIABILITY="T"/>
      <COLUMN  _SEQ_NO ="3" _COL_NO ="3" _COL_HEADER_NAME="Heading" _COL_DATA_TYPE="TEXT" _READIABILITY="T"/>
      <COLUMN  _SEQ_NO ="6" _COL_NO ="6" _COL_HEADER_NAME="CTQ" _COL_DATA_TYPE="TEXT" _READIABILITY="T"/>
      <COLUMN  _SEQ_NO ="7" _COL_NO ="7" _COL_HEADER_NAME="SubDefect1" _COL_DATA_TYPE="TEXT" _READIABILITY="T"/>
    </WORKSHEET>

    <WORKSHEET _NAME="SubDefect2" _HEADER_PRESENT="TRUE" _SINGLE_ROW="YES" >
      <HEADER _ROW_NO="1" _DATA_START_ROW="2"/>
      <COLUMN _SEQ_NO="1" _COL_NO="1" _COL_HEADER_NAME="Subprocess" _COL_DATA_TYPE="TEXT" _READIABILITY="T"/>
      <COLUMN  _SEQ_NO ="2" _COL_NO ="2" _COL_HEADER_NAME="Category" _COL_DATA_TYPE="TEXT" _READIABILITY="T"/>
      <COLUMN  _SEQ_NO ="3" _COL_NO ="3" _COL_HEADER_NAME="Heading" _COL_DATA_TYPE="TEXT" _READIABILITY="T"/>
      <COLUMN  _SEQ_NO ="4" _COL_NO ="4" _COL_HEADER_NAME="CTQ" _COL_DATA_TYPE="TEXT" _READIABILITY="T"/>
      <COLUMN  _SEQ_NO ="5" _COL_NO ="5" _COL_HEADER_NAME="SubDefect2" _COL_DATA_TYPE="TEXT" _READIABILITY="T"/>
    </WORKSHEET>

    <WORKSHEET _NAME="SubDefect3" _HEADER_PRESENT="TRUE" _SINGLE_ROW="YES" >
      <HEADER _ROW_NO="1" _DATA_START_ROW="2"/>
      <COLUMN _SEQ_NO="1" _COL_NO="1" _COL_HEADER_NAME="Subprocess" _COL_DATA_TYPE="TEXT" _READIABILITY="T"/>
      <COLUMN  _SEQ_NO ="2" _COL_NO ="2" _COL_HEADER_NAME="Category" _COL_DATA_TYPE="TEXT" _READIABILITY="T"/>
      <COLUMN  _SEQ_NO ="3" _COL_NO ="3" _COL_HEADER_NAME="Heading" _COL_DATA_TYPE="TEXT" _READIABILITY="T"/>
      <COLUMN  _SEQ_NO ="4" _COL_NO ="4" _COL_HEADER_NAME="CTQ" _COL_DATA_TYPE="TEXT" _READIABILITY="T"/>
      <COLUMN  _SEQ_NO ="5" _COL_NO ="5" _COL_HEADER_NAME="SubDefect3" _COL_DATA_TYPE="TEXT" _READIABILITY="T"/>
    </WORKSHEET>

    <WORKSHEET _NAME="SubDefect4" _HEADER_PRESENT="TRUE" _SINGLE_ROW="YES" >
      <HEADER _ROW_NO="1" _DATA_START_ROW="2"/>
      <COLUMN _SEQ_NO="1" _COL_NO="1" _COL_HEADER_NAME="Subprocess" _COL_DATA_TYPE="TEXT" _READIABILITY="T"/>
      <COLUMN  _SEQ_NO ="2" _COL_NO ="2" _COL_HEADER_NAME="Category" _COL_DATA_TYPE="TEXT" _READIABILITY="T"/>
      <COLUMN  _SEQ_NO ="3" _COL_NO ="3" _COL_HEADER_NAME="Heading" _COL_DATA_TYPE="TEXT" _READIABILITY="T"/>
      <COLUMN  _SEQ_NO ="4" _COL_NO ="4" _COL_HEADER_NAME="CTQ" _COL_DATA_TYPE="TEXT" _READIABILITY="T"/>
      <COLUMN  _SEQ_NO ="5" _COL_NO ="5" _COL_HEADER_NAME="SubDefect4" _COL_DATA_TYPE="TEXT" _READIABILITY="T"/>
    </WORKSHEET>

    <WORKSHEET _NAME="SubDefect5" _HEADER_PRESENT="TRUE" _SINGLE_ROW="YES" >
      <HEADER _ROW_NO="1" _DATA_START_ROW="2"/>
      <COLUMN _SEQ_NO="1" _COL_NO="1" _COL_HEADER_NAME="Subprocess" _COL_DATA_TYPE="TEXT" _READIABILITY="T"/>
      <COLUMN  _SEQ_NO ="2" _COL_NO ="2" _COL_HEADER_NAME="Category" _COL_DATA_TYPE="TEXT" _READIABILITY="T"/>
      <COLUMN  _SEQ_NO ="3" _COL_NO ="3" _COL_HEADER_NAME="Heading" _COL_DATA_TYPE="TEXT" _READIABILITY="T"/>
      <COLUMN  _SEQ_NO ="4" _COL_NO ="4" _COL_HEADER_NAME="CTQ" _COL_DATA_TYPE="TEXT" _READIABILITY="T"/>
      <COLUMN  _SEQ_NO ="5" _COL_NO ="5" _COL_HEADER_NAME="Rating" _COL_DATA_TYPE="TEXT" _READIABILITY="T"/>
      <COLUMN  _SEQ_NO ="6" _COL_NO ="6" _COL_HEADER_NAME="Weightage" _COL_DATA_TYPE="TEXT" _READIABILITY="T"/>
    </WORKSHEET>


    <WORKSHEET _NAME="Weightage" _HEADER_PRESENT="TRUE" _SINGLE_ROW="YES" >
      <HEADER _ROW_NO="1" _DATA_START_ROW="2"/>
      <COLUMN _SEQ_NO="1" _COL_NO="1" _COL_HEADER_NAME="Subprocess" _COL_DATA_TYPE="TEXT" _READIABILITY="T"/>
      <COLUMN  _SEQ_NO ="2" _COL_NO ="2" _COL_HEADER_NAME="Category" _COL_DATA_TYPE="TEXT" _READIABILITY="T"/>
      <COLUMN  _SEQ_NO ="3" _COL_NO ="3" _COL_HEADER_NAME="Heading" _COL_DATA_TYPE="TEXT" _READIABILITY="T"/>
      <COLUMN  _SEQ_NO ="4" _COL_NO ="4" _COL_HEADER_NAME="CTQ" _COL_DATA_TYPE="TEXT" _READIABILITY="T"/>
      <COLUMN  _SEQ_NO ="5" _COL_NO ="5" _COL_HEADER_NAME="SubDefect2" _COL_DATA_TYPE="TEXT" _READIABILITY="T"/>
    </WORKSHEET>


    <WORKSHEET _NAME="CopyCTQ" _HEADER_PRESENT="TRUE" _SINGLE_ROW="YES" >
      <HEADER _ROW_NO="1" _DATA_START_ROW="2"/>
      <COLUMN _SEQ_NO="1" _COL_NO="1" _COL_HEADER_NAME="Subprocess" _COL_DATA_TYPE="TEXT" _READIABILITY="T"/>
      <COLUMN  _SEQ_NO ="2" _COL_NO ="2" _COL_HEADER_NAME="Category" _COL_DATA_TYPE="TEXT" _READIABILITY="T"/>
      <COLUMN  _SEQ_NO ="3" _COL_NO ="3" _COL_HEADER_NAME="Heading" _COL_DATA_TYPE="TEXT" _READIABILITY="T"/>
    </WORKSHEET>

    <WORKSHEET _NAME="CombinedAccuracy" _HEADER_PRESENT="TRUE" _SINGLE_ROW="YES" >
      <HEADER _ROW_NO="1" _DATA_START_ROW="2"/>
      <COLUMN _SEQ_NO="1" _COL_NO="1" _COL_HEADER_NAME="Subprocess" _COL_DATA_TYPE="TEXT" _READIABILITY="T"/>
      <COLUMN _SEQ_NO="2" _COL_NO="2" _COL_HEADER_NAME="Category" _COL_DATA_TYPE="TEXT" _READIABILITY="T"/>
      <COLUMN _SEQ_NO="3" _COL_NO="3" _COL_HEADER_NAME="Heading" _COL_DATA_TYPE="TEXT" _READIABILITY="T"/>
      <COLUMN _SEQ_NO="4" _COL_NO="4" _COL_HEADER_NAME="CTQ" _COL_DATA_TYPE="TEXT" _READIABILITY="T"/>
      <COLUMN _SEQ_NO="5" _COL_NO="5" _COL_HEADER_NAME="CognizantRating" _COL_DATA_TYPE="TEXT" _READIABILITY="T"/>
      <COLUMN _SEQ_NO="6" _COL_NO="6" _COL_HEADER_NAME="Check-the-Checker Rating" _COL_DATA_TYPE="TEXT" _READIABILITY="T"/>
      <COLUMN _SEQ_NO="7" _COL_NO="7" _COL_HEADER_NAME="Combined Rating" _COL_DATA_TYPE="TEXT" _READIABILITY="T"/>
    </WORKSHEET>
  </TEMPLATE>


</EXCEL_TEMPLATE_DEFINITIONS>
