﻿<?xml version="1.0" encoding="utf-8"?>
<MenuList>
  <Program MenuDenyProgramId="0">
    <Menu MenuName="Dashboard" MenuDenyRoleId="" Active="Y" />
    <Menu MenuName="Transaction Search" MenuDenyRoleId="1,,,,,,,,,,,5,6" Active="Y" />
    <Menu MenuName="Score Correction" MenuDenyRoleId="2,,,,,,,,,,,,,5,,,3,4,8,6" Active="Y" />
    <Menu MenuName="Sampling %" MenuDenyRoleId="2,,,,,,,,,,,,,5,,,3,8,6" Active="Y" />
    <Menu MenuName="Auto Allocation" MenuDenyRoleId="2,,,,,,,,,,5,,,3,8,6" Active="Y" />
    <Menu MenuName="Manual Allocation" MenuDenyRoleId="2,,,,,,,,,,5,,,3,8,6" Active="Y" />
    <Menu MenuName="Re-allocation" MenuDenyRoleId="2,,,,,,,,,,5,,,3,8,6" Active="Y" />
    <Menu MenuName="Bulk Upload" MenuDenyRoleId="2,,,,,,,,5,,3,8,6" Active="Y" />
    <Menu MenuName="Transaction Creation" MenuDenyRoleId="2,,,,,,,,,,5,,,4,8,6" Active="Y" />
    <Menu MenuName="Supervisor Audit" MenuDenyRoleId="2,,,,,,,,,,,,,5,,,3,4,8,6" Active="Y" />
    <Menu MenuName="Internal Audit" MenuDenyRoleId="2,,,,,,,,,,,,,3,4,8,6" Active="Y" />
    <Menu MenuName="External Audit" MenuDenyRoleId="2,,,,,,,,,,,,,5,,,3,4,8,6" Active="Y" />
    <Menu MenuName="Business Audit" MenuDenyRoleId="2,,,,,,,,,,,,,5,,,3,4,8,6" Active="Y" />
    <Menu MenuName="Total Volume Audit" MenuDenyRoleId="2,,,,,,,,,,,,,5,,,3,4,8" Active="Y" />
    <Menu MenuName="Users" MenuDenyRoleId="5,,,3,4,8,6" Active="Y" />
    <Menu MenuName="Process" MenuDenyRoleId="5,,,3,4,8,6" Active="Y" />
    <Menu MenuName="Sub-Process" MenuDenyRoleId="5,,,3,4,8,6" Active="Y" />
    <Menu MenuName="Workflow &amp; QC" MenuDenyRoleId="5,,,3,4,8,6" Active="Y" />
    <Menu MenuName="Data Element" MenuDenyRoleId="5,,,3,4,8,6" Active="Y" />
    <Menu MenuName="Feedback Email" MenuDenyRoleId="" Active="Y" />
    <Menu MenuName="Rating" MenuDenyRoleId="5,,,3,4,8,6" Active="Y" />
    <Menu MenuName="Defect Opportunity" MenuDenyRoleId="5,,,3,4,8,6" Active="Y" />
    <Menu MenuName="Holiday" MenuDenyRoleId="5,,,3,4,8,6" Active="Y" />
    <Menu MenuName="Mail Trigger" MenuDenyRoleId="5,,,3,4,8,6" Active="Y" />
    <Menu MenuName="Status &amp; Reason" MenuDenyRoleId="5,,,3,4,8,6" Active="Y" />
    <Menu MenuName="Combined Accuracy" MenuDenyRoleId="2,,,,,,,,,,,,,5,,,3,4,8,6" Active="Y" />
    <Menu MenuName="Recommendation History" MenuDenyRoleId="5,,,3,4,8,6" Active="Y" />
    <Menu MenuName="QC Feedback" MenuDenyRoleId="2,,,,,,,,,,5,,,4,8,6" Active="Y" />
    <Menu MenuName="Support" MenuDenyRoleId="5,,,3,4,8,6" Active="Y" />
    <Menu MenuName="Recommendation Requests" MenuDenyRoleId="5,,,3,4,8,6" Active="Y" />
    <Menu MenuName="Tenant" MenuDenyRoleId="1,3,4,5,6,7,8,9" Active="Y" />
  </Program>
  <Program MenuDenyProgramId="1">
    <Menu MenuName="Dashboard" MenuDenyRoleId="" Active="Y" />
    <Menu MenuName="Transaction Search" MenuDenyRoleId="1,,,,,,,,,,,5,6,11" Active="Y" />
    <Menu MenuName="Score Correction" MenuDenyRoleId="2,,,,,,,,,,,,,5,,,3,4,8,6,11" Active="Y" />
    <Menu MenuName="Sampling %" MenuDenyRoleId="2,,,,,,,,,,,,,5,,,3,8,6,11" Active="Y" />
    <Menu MenuName="Auto Allocation" MenuDenyRoleId="2,,,,,,,,,,5,,,3,8,6,11" Active="Y" />
    <Menu MenuName="Manual Allocation" MenuDenyRoleId="2,,,,,,,,,,5,,,3,8,6,11" Active="Y" />
    <Menu MenuName="Re-allocation" MenuDenyRoleId="2,,,,,,,,,,5,,,3,8,6,11" Active="Y" />
    <Menu MenuName="Bulk Upload" MenuDenyRoleId="2,,,,,,,,5,,3,8,6,11" Active="Y" />
    <Menu MenuName="Transaction Creation" MenuDenyRoleId="2,,,,,,,,,,5,,,4,8,6,11" Active="Y" />
    <Menu MenuName="Supervisor Audit" MenuDenyRoleId="2,,,,,,,,,,,,,5,,,3,4,8,6,11" Active="Y" />
    <Menu MenuName="Internal Audit" MenuDenyRoleId="2,,,,,,,,,,,,,3,4,8,6,11" Active="Y" />
    <Menu MenuName="External Audit" MenuDenyRoleId="2,,,,,,,,,,,,,5,,,3,4,8,6,11" Active="Y" />
    <Menu MenuName="Business Audit" MenuDenyRoleId="2,,,,,,,,,,,,,5,,,3,4,8,6,11" Active="Y" />
    <Menu MenuName="Total Volume Audit" MenuDenyRoleId="2,,,,,,,,,,,,,5,,,3,4,8,11" Active="Y" />
    <Menu MenuName="Users" MenuDenyRoleId="5,,,3,4,8,6,11" Active="Y" />
    <Menu MenuName="Process" MenuDenyRoleId="5,,,3,4,8,6,11" Active="Y" />
    <Menu MenuName="Sub-Process" MenuDenyRoleId="5,,,3,4,8,6,11" Active="Y" />
    <Menu MenuName="Workflow &amp; QC" MenuDenyRoleId="5,,,3,4,8,6,11" Active="Y" />
    <Menu MenuName="Data Element" MenuDenyRoleId="5,,,3,4,8,6,11" Active="Y" />
    <Menu MenuName="Feedback Email" MenuDenyRoleId="" Active="Y" />
    <Menu MenuName="Rating" MenuDenyRoleId="5,,,3,4,8,6,11" Active="Y" />
    <Menu MenuName="Defect Opportunity" MenuDenyRoleId="5,,,3,4,8,6,11" Active="Y" />
    <Menu MenuName="Holiday" MenuDenyRoleId="5,,,3,4,8,6,11" Active="Y" />
    <Menu MenuName="Mail Trigger" MenuDenyRoleId="5,,,3,4,8,6,11" Active="Y" />
    <Menu MenuName="Status &amp; Reason" MenuDenyRoleId="5,,,3,4,8,6,11" Active="Y" />
    <Menu MenuName="Combined Accuracy" MenuDenyRoleId="2,,,,,,,,,,,,,5,,,3,4,8,6,11" Active="Y" />
    <Menu MenuName="Recommendation History" MenuDenyRoleId="5,,,3,4,8,6,11" Active="Y" />
    <Menu MenuName="QC Feedback" MenuDenyRoleId="2,,,,,,,,,,5,,,4,8,6,11" Active="Y" />
    <Menu MenuName="Support" MenuDenyRoleId="5,,,3,4,8,6,11" Active="Y" />
    <Menu MenuName="Recommendation Requests" MenuDenyRoleId="5,,,3,4,8,6,11" Active="Y" />
    <Menu MenuName="Calibrator Audit" MenuDenyRoleId="11" Active="Y" />
    <Menu MenuName="Batch Feed" MenuDenyRoleId="11" Active="Y" />
    <Menu MenuName="Transaction Dump" MenuDenyRoleId="11" Active="Y" />
    <Menu MenuName="Final Audit Update" MenuDenyRoleId="11" Active="Y" />
    <Menu MenuName="SLA" MenuDenyRoleId="11" Active="Y" />
    <Menu MenuName="Sub-Process Validation" MenuDenyRoleId="11" Active="Y" />
    <Menu MenuName="Tenant" MenuDenyRoleId="1,3,4,5,6,7,8,9" Active="Y" />
  </Program>
  <Program MenuDenyProgramId="2">
    <Menu MenuName="Users" MenuDenyRoleId=",,,,,3,,,,,,,,,,,,6,,4,,9,5,8" Active="Y" />
    <Menu MenuName="Process" MenuDenyRoleId=",,,,,3,,,,,,,,,,,,6,,4,,9,5,8" Active="Y" />
    <Menu MenuName="Sub-Process" MenuDenyRoleId=",,,,,3,,,,,,,,,,,,6,,4,,9,5,8" Active="Y" />
    <Menu MenuName="Workflow &amp; QC" MenuDenyRoleId=",,,,,3,,,,,,,,,,,,6,,4,,9,5,8" Active="Y" />
    <Menu MenuName="Data Element" MenuDenyRoleId=",,,,,3,,,,,,,,,,,,6,,4,,9,5,8" Active="Y" />
    <Menu MenuName="Mail Trigger" MenuDenyRoleId=",,,,,3,,,,,,,,,,,,6,,4,,9,5,8" Active="Y" />
    <Menu MenuName="Status &amp; Reason" MenuDenyRoleId=",,,,,3,,,,,,,,,,,,6,,4,,9,5,8" Active="Y" />
    <Menu MenuName="Rating" MenuDenyRoleId=",,,,,3,,,,,,,,,,,,6,,4,,9,5,8" Active="Y" />
    <Menu MenuName="Defect Opportunity" MenuDenyRoleId=",,,,,3,,,,,,,,,,,,6,,4,,9,5,8" Active="Y" />
    <Menu MenuName="Combined Accuracy" MenuDenyRoleId=",,,,,3,,,,,,,,,,,,,,2,6,,4,,9,5,8" Active="Y" />
    <Menu MenuName="Holiday" MenuDenyRoleId=",,,,,3,,,,,,,,,,,,6,,4,,9,5,8" Active="Y" />
    <Menu MenuName="Score Correction" MenuDenyRoleId=",,,,3,,,,,,,,,,,,2,6,,,9,5,8" Active="Y" />
    <Menu MenuName="Recommendation Requests" MenuDenyRoleId=",,,,,3,,,,,,,,,,,,6,,4,,9,5,8" Active="Y" />
    <Menu MenuName="Recommendation History" MenuDenyRoleId=",,,,,3,,,,,,,,,,,,6,,4,,9,5,8" Active="Y" />
    <Menu MenuName="Sampling %" MenuDenyRoleId=",,,,,3,,,,,,,,,,6,,,9,5,8" Active="Y" />
    <Menu MenuName="Auto Allocation" MenuDenyRoleId=",,3,,,,,,,,,2,6,,,5,8" Active="Y" />
    <Menu MenuName="Manual Allocation" MenuDenyRoleId=",,3,,,,,,,,,2,6,,,5,8" Active="Y" />
    <Menu MenuName="Re-allocation" MenuDenyRoleId=",,,,3,,,,,,,,,,,,2,6,,,9,5,8" Active="Y" />
    <Menu MenuName="Bulk Upload" MenuDenyRoleId=",,,,3,,,,,,,,,,,,2,6,,,9,5,8" Active="Y" />
    <Menu MenuName="Supervisor Audit" MenuDenyRoleId=",,,,,3,,,,,,,,,,,,,,2,6,,4,,9,5,8" Active="Y" />
    <Menu MenuName="Internal Audit" MenuDenyRoleId=",,,,3,,,,,,,,,,,,,2,6,4,,9,8" Active="Y" />
    <Menu MenuName="External Audit" MenuDenyRoleId=",,,,3,,,,,,,,,2,,4,,5,8" Active="Y" />
    <Menu MenuName="Business Audit" MenuDenyRoleId=",,,,3,,,,,,,,,2,,4,,5,8" Active="Y" />
    <Menu MenuName="Total Volume Audit" MenuDenyRoleId=",,,,,3,,,,,,,,,,,,,,2,6,,4,,9,5,8" Active="Y" />
    <Menu MenuName="Support" MenuDenyRoleId=",,,3,,,,,,,,,,,,6,,4,,9,5,8" Active="Y" />
    <Menu MenuName="Transaction Creation" MenuDenyRoleId=",,,,,,,,,,,,,,,,,,2,6,,4,,9,5,8" Active="Y" />
    <Menu MenuName="QC Feedback" MenuDenyRoleId=",,,,,,,,,,,,,,,,,,2,6,,4,,9,5,8" Active="Y" />
    <Menu MenuName="Transaction Search" MenuDenyRoleId="" Active="Y" />
    <Menu MenuName="Transaction Dump" MenuDenyRoleId=",,,3,,,,,,,,,,,,2,6,,4,,9,5,8" Active="Y" />
    <Menu MenuName="Batch Feed" MenuDenyRoleId=",,,,,,,,,,,2,6,,4,,9,5,8" Active="Y" />
    <Menu MenuName="Final Audit Update" MenuDenyRoleId=",,,2,6,4,,9,8" Active="Y" />
    <Menu MenuName="SLA" MenuDenyRoleId=",,,2,6,4,,9,5,8" Active="Y" />
    <Menu MenuName="Sub-Process Validation" MenuDenyRoleId=",,,2,6,4,,9,8" Active="Y" />
    <Menu MenuName="Master Calibrator Allocation" MenuDenyRoleId=",,,2,6,4,,9,5,8" Active="Y" />
    <Menu MenuName="Calibrator Audit" MenuDenyRoleId=",2,6,,4,9,5,8" Active="Y" />
    <Menu MenuName="Master Calibrator Audit" MenuDenyRoleId=",2,6,,4,9,5,8" Active="Y" />
    <!--<Menu MenuName="SLA configuration" MenuDenyRoleId="1,2,3,,6,4,7,,9,5,8" Active="Y" />-->
    <Menu MenuName="SLA configuration" MenuDenyRoleId="1,2,3,,6,4,7" Active="Y" />
    <Menu MenuName="Statistical Sampling" MenuDenyRoleId="1,2,3,,6,4,7,,9,5,8" Active="Y" />
    <Menu MenuName="Tenant" MenuDenyRoleId="1,3,4,5,6,7,8,9" Active="Y" />
  </Program>
  <Program MenuDenyProgramId="3">
    <Menu MenuName="Dashboard" MenuDenyRoleId="" Active="Y" />
    <Menu MenuName="Transaction Search" MenuDenyRoleId="1,9,,,3" Active="Y" />
    <Menu MenuName="Score Correction" MenuDenyRoleId=",,,,,,,,,,,,,,3,5,6,4,8,2" Active="Y" />
    <Menu MenuName="Sampling %" MenuDenyRoleId=",,,,,,,,,,,,3,5,6,8,2" Active="Y" />
    <Menu MenuName="Auto Allocation" MenuDenyRoleId=",,,,,,,,,,,,3,5,6,8,2" Active="Y" />
    <Menu MenuName="Manual Allocation" MenuDenyRoleId=",,,,,,,,,,,,3,5,6,8,2" Active="Y" />
    <Menu MenuName="Re-allocation" MenuDenyRoleId=",,,,,,,,,,,,3,5,6,8,2" Active="Y" />
    <Menu MenuName="Bulk Upload" MenuDenyRoleId=",,,,,,,,,,,,3,5,6,8,2" Active="Y" />
    <Menu MenuName="Transaction Creation" MenuDenyRoleId=",,,,,,,,,,,,5,6,4,8,2" Active="Y" />
    <Menu MenuName="Transaction Dump" MenuDenyRoleId="1,,,,,,,7,9,,,,,,,,,3,5,6,4,8,2" Active="Y" />
    <Menu MenuName="Supervisor Audit" MenuDenyRoleId=",,,,,,,,,,,,,,3,5,6,4,8,2" Active="Y" />
    <Menu MenuName="Internal Audit" MenuDenyRoleId=",,,,,,,,,,,3,6,4,8,2" Active="Y" />
    <Menu MenuName="External Audit" MenuDenyRoleId=",,,,,9,,,,,,,3,5,4,8,2" Active="Y" />
    <Menu MenuName="Business Audit" MenuDenyRoleId=",,,,,9,,,,,,,,3,5,4,8,2" Active="Y" />
    <Menu MenuName="Total Volume Audit" MenuDenyRoleId=",,,,,,,,,,,,,3,5,6,4,8,2" Active="Y" />
    <Menu MenuName="Users" MenuDenyRoleId=",,,,,,,,,,,3,5,6,4,8" Active="Y" />
    <Menu MenuName="Process" MenuDenyRoleId=",,,,,,,,,,,3,5,6,4,8" Active="Y" />
    <Menu MenuName="Sub-Process" MenuDenyRoleId=",,,,,,,,,,,,,3,5,6,4,8" Active="Y" />
    <Menu MenuName="Workflow &amp; QC" MenuDenyRoleId=",,,,,,,,,,,,,3,5,6,4,8" Active="Y" />
    <Menu MenuName="Data Element" MenuDenyRoleId=",,,,,,,,,,,3,5,6,4,8" Active="Y" />
    <Menu MenuName="Feedback Email" MenuDenyRoleId="" Active="Y" />
    <Menu MenuName="Rating" MenuDenyRoleId=",,,,,,,,,,,,,3,5,6,4,8" Active="Y" />
    <Menu MenuName="Defect Opportunity" MenuDenyRoleId=",,,,,,,,,,,3,5,6,4,8" Active="Y" />
    <Menu MenuName="Holiday" MenuDenyRoleId=",,,,,,,,,,,,,3,5,6,4,8" Active="Y" />
    <Menu MenuName="Mail Trigger" MenuDenyRoleId=",,,,,,,,,,,,,3,5,6,4,8" Active="Y" />
    <Menu MenuName="Status &amp; Reason" MenuDenyRoleId=",,,,,,,,,,,3,5,6,4,8" Active="Y" />
    <Menu MenuName="Combined Accuracy" MenuDenyRoleId=",,,,,,9,,,,,,,,3,5,6,4,8" Active="Y" />
    <Menu MenuName="Recommendation History" MenuDenyRoleId=",,,,,,,,,,,,,3,5,6,4,8" Active="Y" />
    <Menu MenuName="QC Feedback" MenuDenyRoleId=",,,,,,,,,,,,,,5,6,4,8,2" Active="Y" />
    <Menu MenuName="Support" MenuDenyRoleId=",,,,,,,,,,,,,3,5,6,4,8" Active="Y" />
    <Menu MenuName="Recommendation Requests" MenuDenyRoleId=",,,,,,,,,,,,,3,5,6,4,8" Active="Y" />
    <Menu MenuName="Batch Feed" MenuDenyRoleId="1,,,,,,7,,9,,,,,,,,,3,5,6,4,8,2" Active="Y" />
    <Menu MenuName="SLA" MenuDenyRoleId="1,3,5,6,4,8,7,9" Active="Y" />
    <Menu MenuName="Final Audit Update" MenuDenyRoleId="1,,,,,,7,,9,,,,,,,,,3,5,6,4,8,2" Active="Y" />
    <Menu MenuName="Sub-Process Validation" MenuDenyRoleId="1,,,,,,7,,9,,,,,,,,,3,5,6,4,8,2" Active="Y" />
    <Menu MenuName="Calibrator Audit" MenuDenyRoleId=",3,5,6,4,8,2" Active="Y" />
    <Menu MenuName="Master Calibrator Audit" MenuDenyRoleId=",3,5,6,4,8,2" Active="Y" />
    <Menu MenuName="Master Calibrator Allocation" MenuDenyRoleId=",3,5,6,4,8,2" Active="Y" />
    <Menu MenuName="Stats SLA configuration" MenuDenyRoleId="1,2,3,5,6,4,7,8,9,10,11" Active="Y" />
    <Menu MenuName="SLA configuration" MenuDenyRoleId="1,2,3,5,6,4,7,8,9,10,11" Active="Y" />
    <Menu MenuName="Statistical Sampling" MenuDenyRoleId="1,2,3,5,6,4,7,8,9,10,11" Active="Y" />
    <Menu MenuName="Tenant" MenuDenyRoleId="1,3,4,5,6,7,8,9" Active="Y" />
  </Program>
  <Program MenuDenyProgramId="4">
    <Menu MenuName="Users" MenuDenyRoleId=",,,,,,,,,,,,,,,,,,,,,,3,10,5,11,6,4,8" Active="Y" />
    <Menu MenuName="Process" MenuDenyRoleId=",,,,,,,,,,,,,,,,,,,,,,3,10,5,11,6,4,8" Active="Y" />
    <Menu MenuName="Sub-Process" MenuDenyRoleId=",,,,,,,,,,,,,,,,,,,,,,3,10,5,11,6,4,8" Active="Y" />
    <Menu MenuName="Workflow &amp; QC" MenuDenyRoleId=",,,,,,,,,,,,,,,,,,3,10,5,11,6,4,8" Active="Y" />
    <Menu MenuName="Data Element" MenuDenyRoleId=",,,,,,,,,,,,,,,,,,,,,,3,10,5,11,6,4,8" Active="Y" />
    <Menu MenuName="Mail Trigger" MenuDenyRoleId=",,,,,,,,,,,,,,,,,,,,,,3,10,5,11,6,4,8" Active="Y" />
    <Menu MenuName="Status &amp; Reason" MenuDenyRoleId=",,,,,,,,,,,,,,,,,,,,,,3,10,5,11,6,4,8" Active="Y" />
    <Menu MenuName="Rating" MenuDenyRoleId=",,,,,,,,,,,,,,,,,,,,,,3,10,5,11,6,4,8" Active="Y" />
    <Menu MenuName="Defect Opportunity" MenuDenyRoleId=",,,,,,,,,,,,,,,,,,,,,,3,10,5,11,6,4,8" Active="Y" />
    <Menu MenuName="Combined Accuracy" MenuDenyRoleId=",,,,,,9,,,,,,,,,,,,,,,,,,,,,,,3,10,5,11,6,4,8,2" Active="Y" />
    <Menu MenuName="Holiday" MenuDenyRoleId=",,,,,,,,,,,,,,,,,,,,,,3,10,5,11,6,4,8" Active="Y" />
    <Menu MenuName="Score Correction" MenuDenyRoleId=",,,,,,,,,,,,,,,,,,,,,,,,,3,10,5,11,6,4,8,2" Active="Y" />
    <Menu MenuName="Recommendation Requests" MenuDenyRoleId=",,,,,,,,,,,,,,,,,,,,,,3,10,5,11,6,4,8" Active="Y" />
    <Menu MenuName="Recommendation History" MenuDenyRoleId=",,,,,,,,,,,,,,,,,,,,,,3,10,5,11,6,4,8" Active="Y" />
    <Menu MenuName="Sampling %" MenuDenyRoleId=",,,,,,,,,,,,,,,,,,,,,,,,,3,10,5,11,6,8,2" Active="Y" />
    <Menu MenuName="Auto Allocation" MenuDenyRoleId=",,,,,,,,,,,,,,,,,,,,,,,,,3,10,5,11,6,8,2" Active="Y" />
    <Menu MenuName="Manual Allocation" MenuDenyRoleId=",,,,,,,,,,,,,,,,,,,,,,,,,3,10,5,11,6,8,2" Active="Y" />
    <Menu MenuName="Re-allocation" MenuDenyRoleId=",,,,,,,,,,,,,,,,,,,,,,,,,3,10,5,11,6,8,2" Active="Y" />
    <Menu MenuName="Bulk Upload" MenuDenyRoleId=",,,,,,,,,,,,,,,,,,,,,,,,,3,10,5,11,6,8,2" Active="Y" />
    <Menu MenuName="Supervisor Audit" MenuDenyRoleId=",,,,,,,,,,,,,,,,,,,,,,,,,,,3,10,5,11,6,4,8,2" Active="Y" />
    <Menu MenuName="Internal Audit" MenuDenyRoleId=",,,,,,,,,,,,,,,,,,,,,,,,3,10,11,6,4,8,2" Active="Y" />
    <Menu MenuName="External Audit" MenuDenyRoleId=",,,,,,,,,,,,,,,,,,,,,,,,,,,3,10,5,11,6,4,8,2" Active="Y" />
    <Menu MenuName="Business Audit" MenuDenyRoleId=",,,,,,,,,,,,,,,,,,,,,,,,,,,3,10,5,11,6,4,8,2" Active="Y" />
    <Menu MenuName="Total Volume Audit" MenuDenyRoleId=",,,,,,,,,,,,,,,,,,,,,,,,,,,3,10,5,11,6,4,8,2" Active="Y" />
    <Menu MenuName="Support" MenuDenyRoleId=",,,,,,,,,,,,,,,3,10,5,11,6,4,8" Active="Y" />
    <Menu MenuName="Transaction Creation" MenuDenyRoleId=",,,,,,,,,,,,,,,,,,,,,,10,5,11,6,4,8,2" Active="Y" />
    <Menu MenuName="QC Feedback" MenuDenyRoleId=",,,,,,,,,,,,,,,,,10,5,11,6,4,8,2" Active="Y" />
    <Menu MenuName="Transaction Search" MenuDenyRoleId=",,,,,,,,3,10,11,6" Active="Y" />
    <Menu MenuName="Transaction Dump" MenuDenyRoleId="1,,,,,,,7,9,,,,,,,,,,,,,,,,,,,,,3,10,5,11,6,4,8,2" Active="Y" />
    <Menu MenuName="Batch Feed" MenuDenyRoleId=",,,,,,,,,,,,,,,,,,,,,,,,3,10,5,11,6,8,2" Active="Y" />
    <Menu MenuName="Final Audit Update" MenuDenyRoleId=",,,,,,3,10,5,11,6,4,8,2" Active="Y" />
    <Menu MenuName="Master Calibrator Audit" MenuDenyRoleId=",,,,,,,,,,3,10,5,6,4,8,2" Active="Y" />
    <Menu MenuName="Calibrator Audit" MenuDenyRoleId=",,,,,,,3,5,11,6,4,8,2" Active="Y" />
    <Menu MenuName="Master Calibrator Allocation" MenuDenyRoleId=",,,,,,3,10,5,6,4,8,2" Active="Y" />
    <Menu MenuName="SLA" MenuDenyRoleId=",,,,,,,3,10,5,11,6,4,8,2" Active="Y" />
    <Menu MenuName="Sub-Process Validation" MenuDenyRoleId=",,,,,,3,10,5,11,6,4,8,2" Active="Y" />
    <Menu MenuName="Stats SLA configuration" MenuDenyRoleId="1,2,3,5,6,4,7,8,9,10,11" Active="Y" />
    <Menu MenuName="SLA configuration" MenuDenyRoleId="1,2,3,5,6,4,7,8,9,10,11" Active="Y" />
    <Menu MenuName="Statistical Sampling" MenuDenyRoleId="1,2,3,5,6,4,7,8,9,10,11" Active="Y" />
    <Menu MenuName="Tenant" MenuDenyRoleId="1,3,4,5,6,7,8,9" Active="Y" />
  </Program>
  <Program MenuDenyProgramId="5">
    <Menu MenuName="Users" MenuDenyRoleId="3,5,,,8,,,4,6" Active="Y" />
    <Menu MenuName="Process" MenuDenyRoleId="3,5,,,8,,,4,6" Active="Y" />
    <Menu MenuName="Sub-Process" MenuDenyRoleId="3,5,,,8,,,4,6" Active="Y" />
    <Menu MenuName="Workflow &amp; QC" MenuDenyRoleId="3,5,,,8,,,4,6" Active="Y" />
    <Menu MenuName="Data Element" MenuDenyRoleId="3,5,,,8,,,4,6" Active="Y" />
    <Menu MenuName="Mail Trigger" MenuDenyRoleId="3,5,,,8,,,4,6" Active="Y" />
    <Menu MenuName="Status &amp; Reason" MenuDenyRoleId="3,5,,,8,,,4,6" Active="Y" />
    <Menu MenuName="Rating" MenuDenyRoleId="3,5,,,8,,,4,6" Active="Y" />
    <Menu MenuName="Defect Opportunity" MenuDenyRoleId="3,5,,,8,,,4,6" Active="Y" />
    <Menu MenuName="Combined Accuracy" MenuDenyRoleId=",5,,,,3,9,8,,,4,6,2" Active="Y" />
    <Menu MenuName="Holiday" MenuDenyRoleId="3,5,,,8,,,4,6" Active="Y" />
    <Menu MenuName="Score Correction" MenuDenyRoleId="3,5,,8,,,,6,2" Active="Y" />
    <Menu MenuName="Recommendation Requests" MenuDenyRoleId="3,5,,,8,,,4,6" Active="Y" />
    <Menu MenuName="Recommendation History" MenuDenyRoleId="3,5,,,8,,,4,6" Active="Y" />
    <Menu MenuName="Sampling %" MenuDenyRoleId="3,5,,8,,,,6,2" Active="Y" />
    <Menu MenuName="Auto Allocation" MenuDenyRoleId="3,5,,8,,,,6,2" Active="Y" />
    <Menu MenuName="Manual Allocation" MenuDenyRoleId="3,5,,8,,,,6,2" Active="Y" />
    <Menu MenuName="Re-allocation" MenuDenyRoleId="3,5,,8,,,,6,2" Active="Y" />
    <Menu MenuName="Bulk Upload" MenuDenyRoleId="3,5,,8,,,,6,2" Active="Y" />
    <Menu MenuName="Supervisor Audit" MenuDenyRoleId="3,5,,,8,,,,4,,6,2" Active="Y" />
    <Menu MenuName="Internal Audit" MenuDenyRoleId="3,,,8,,,,4,,6,2" Active="Y" />
    <Menu MenuName="External Audit" MenuDenyRoleId="3,5,,,8,,4,2" Active="Y" />
    <Menu MenuName="Business Audit" MenuDenyRoleId="3,5,,,8,,4,2" Active="Y" />
    <Menu MenuName="Total Volume Audit" MenuDenyRoleId="3,5,,,8,,,,4,,6,2" Active="Y" />
    <Menu MenuName="Support" MenuDenyRoleId="3,5,,,8,,,4,6" Active="Y" />
    <Menu MenuName="Transaction Creation" MenuDenyRoleId="5,,,8,,,,4,,6,2" Active="Y" />
    <Menu MenuName="QC Feedback" MenuDenyRoleId="5,,,8,,,,4,,6,2" Active="Y" />
    <Menu MenuName="Transaction Search" MenuDenyRoleId="" Active="Y" />
    <Menu MenuName="Transaction Dump" MenuDenyRoleId="1,,3,5,,8,,7,9,,4,,6,2" Active="Y" />
    <Menu MenuName="Batch Feed" MenuDenyRoleId=",5,3,8,,4,,6,2" Active="Y" />
    <Menu MenuName="Tenant" MenuDenyRoleId="1,3,4,5,6,7,8,9" Active="Y" />
  </Program>
  <Program MenuDenyProgramId="6">
    <Menu MenuName="Dashboard" MenuDenyRoleId="" Active="Y" />
    <Menu MenuName="Transaction Search" MenuDenyRoleId="1,9" Active="Y" />
    <Menu MenuName="Score Correction" MenuDenyRoleId=",5,3,4,8,6,2" Active="Y" />
    <Menu MenuName="Sampling %" MenuDenyRoleId=",5,3,8,6,2" Active="Y" />
    <Menu MenuName="Auto Allocation" MenuDenyRoleId=",5,3,8,6,2" Active="Y" />
    <Menu MenuName="Manual Allocation" MenuDenyRoleId=",5,3,8,6,2" Active="Y" />
    <Menu MenuName="Re-allocation" MenuDenyRoleId=",5,3,8,6,2" Active="Y" />
    <Menu MenuName="Bulk Upload" MenuDenyRoleId=",5,3,8,6,2" Active="Y" />
    <Menu MenuName="Transaction Creation" MenuDenyRoleId=",5,4,8,6,2" Active="Y" />
    <Menu MenuName="Transaction Dump" MenuDenyRoleId="1,,3,5,4,8,,7,9,6,2" Active="Y" />
    <Menu MenuName="Supervisor Audit" MenuDenyRoleId=",5,3,4,8,6,2" Active="Y" />
    <Menu MenuName="Internal Audit" MenuDenyRoleId=",3,4,8,6,2" Active="Y" />
    <Menu MenuName="External Audit" MenuDenyRoleId=",5,3,4,8,2" Active="Y" />
    <Menu MenuName="Business Audit" MenuDenyRoleId=",5,3,4,8,2" Active="Y" />
    <Menu MenuName="Total Volume Audit" MenuDenyRoleId=",5,3,4,8,6,2" Active="Y" />
    <Menu MenuName="Users" MenuDenyRoleId="5,3,4,8,6" Active="Y" />
    <Menu MenuName="Process" MenuDenyRoleId="5,3,4,8,6" Active="Y" />
    <Menu MenuName="Sub-Process" MenuDenyRoleId="5,,,3,4,8,6" Active="Y" />
    <Menu MenuName="Workflow &amp; QC" MenuDenyRoleId="5,,,3,4,8,6" Active="Y" />
    <Menu MenuName="Data Element" MenuDenyRoleId="5,3,4,8,6" Active="Y" />
    <Menu MenuName="Feedback Email" MenuDenyRoleId="" Active="Y" />
    <Menu MenuName="Rating" MenuDenyRoleId="5,,,3,4,8,6" Active="Y" />
    <Menu MenuName="Defect Opportunity" MenuDenyRoleId="5,3,4,8,6" Active="Y" />
    <Menu MenuName="Holiday" MenuDenyRoleId="5,,,3,4,8,6" Active="Y" />
    <Menu MenuName="Mail Trigger" MenuDenyRoleId="5,,,3,4,8,6" Active="Y" />
    <Menu MenuName="Status &amp; Reason" MenuDenyRoleId="5,3,4,8,6" Active="Y" />
    <Menu MenuName="Combined Accuracy" MenuDenyRoleId="4,5,,,,3,9,8,,6" Active="Y" />
    <Menu MenuName="Recommendation History" MenuDenyRoleId="5,,,3,4,8,6" Active="Y" />
    <Menu MenuName="QC Feedback" MenuDenyRoleId=",5,,,4,8,6,2" Active="Y" />
    <Menu MenuName="Support" MenuDenyRoleId="5,,,3,4,8,6" Active="Y" />
    <Menu MenuName="Recommendation Requests" MenuDenyRoleId="5,,,3,4,8,6" Active="Y" />
    <Menu MenuName="Batch Feed" MenuDenyRoleId="1,,3,4,5,,7,8,9,6,2" Active="Y" />
    <Menu MenuName="Tenant" MenuDenyRoleId="1,3,4,5,6,7,8,9" Active="Y" />
  </Program>
  <Program MenuDenyProgramId="8">
    <Menu MenuName="Dashboard" MenuDenyRoleId="" Active="Y" />
    <Menu MenuName="Transaction Search" MenuDenyRoleId="1,,6" Active="Y" />
    <Menu MenuName="Score Correction" MenuDenyRoleId=",,,,,,,,,,,,,,,,,,,,,3,,,5,,,2,6,,8,4" Active="Y" />
    <Menu MenuName="Sampling %" MenuDenyRoleId=",,,,,,,,,,,,,,,,,,,,3,,,5,,2,6,8" Active="Y" />
    <Menu MenuName="Auto Allocation" MenuDenyRoleId=",,,,,,,,,,,,,,,,,3,,,5,,2,6,8" Active="Y" />
    <Menu MenuName="Manual Allocation" MenuDenyRoleId=",,,,,,,,,,,,,,,,,3,,,5,,2,6,8" Active="Y" />
    <Menu MenuName="Re-allocation" MenuDenyRoleId=",,,,,,,,,,,,,,,,,3,,,5,,2,6,8" Active="Y" />
    <Menu MenuName="Bulk Upload" MenuDenyRoleId=",,,,,,,,,,,,,,3,,,5,,2,6,8" Active="Y" />
    <Menu MenuName="Transaction Creation" MenuDenyRoleId=",,,,,,,,,,,,,,,,,,,5,,,2,6,,8,4" Active="Y" />
    <Menu MenuName="Supervisor Audit" MenuDenyRoleId=",,,,,,,,,,,,,,,,,,,,,3,,,5,,,2,6,,8,4" Active="Y" />
    <Menu MenuName="Internal Audit" MenuDenyRoleId=",,,,,,,,,,,,,,,,,,3,,,,2,6,,8,4" Active="Y" />
    <Menu MenuName="External Audit" MenuDenyRoleId=",,,,,,,,,,,,,,,,,,,,3,,,5,,,2,,8,4" Active="Y" />
    <Menu MenuName="Business Audit" MenuDenyRoleId=",,,,,,,,,,,,,,,,,,,,3,,,5,,,2,6,,8,4" Active="Y" />
    <Menu MenuName="Total Volume Audit" MenuDenyRoleId=",,,,,,,,,,,,,,,,,,,,3,,,5,,,2,,8,4" Active="Y" />
    <Menu MenuName="Users" MenuDenyRoleId=",,,,,,,3,5,,,6,,8,4" Active="Y" />
    <Menu MenuName="Process" MenuDenyRoleId=",,,,,,,3,5,,,6,,8,4" Active="Y" />
    <Menu MenuName="Sub-Process" MenuDenyRoleId=",,,,,,,3,5,,,6,,8,4" Active="Y" />
    <Menu MenuName="Workflow &amp; QC" MenuDenyRoleId=",,,,,,,3,5,,,6,,8,4" Active="Y" />
    <Menu MenuName="Data Element" MenuDenyRoleId=",,,,,,,3,5,,,6,,8,4" Active="Y" />
    <Menu MenuName="Feedback Email" MenuDenyRoleId="" Active="Y" />
    <Menu MenuName="Rating" MenuDenyRoleId=",,,,,,,3,5,,,6,,8,4" Active="Y" />
    <Menu MenuName="Defect Opportunity" MenuDenyRoleId=",,,,,,,3,5,,,6,,8,4" Active="Y" />
    <Menu MenuName="Holiday" MenuDenyRoleId=",,,,,,,3,5,,,2,6,,8,4" Active="Y" />
    <Menu MenuName="Mail Trigger" MenuDenyRoleId=",,,,,,,3,5,,,6,,8,4" Active="Y" />
    <Menu MenuName="Status &amp; Reason" MenuDenyRoleId=",,,,,,,3,5,,,6,,8,4" Active="Y" />
    <Menu MenuName="Combined Accuracy" MenuDenyRoleId="3,5,10,11,6,,8,4" Active="Y" />
    <Menu MenuName="Recommendation History" MenuDenyRoleId=",,,,,,,3,5,,,6,,8,4" Active="Y" />
    <Menu MenuName="QC Feedback" MenuDenyRoleId=",,,,,,,,,,,,,,,,,,,5,,,2,6,,8,4" Active="Y" />
    <Menu MenuName="Support" MenuDenyRoleId=",,,,,,,3,5,,,6,,8,4" Active="Y" />
    <Menu MenuName="Recommendation Requests" MenuDenyRoleId=",,,,,,,3,5,,,6,,8,4" Active="Y" />
    <Menu MenuName="Batch Feed" MenuDenyRoleId=",3,,,5,,,2,6,,8,4" Active="Y" />
    <Menu MenuName="Transaction Dump" MenuDenyRoleId=",3,,,5,,,2,6,,8,4" Active="Y" />
    <Menu MenuName="Master Calibrator Allocation" MenuDenyRoleId="3,5,,,6,,8,4" Active="Y" />
    <Menu MenuName="Calibrator Audit" MenuDenyRoleId="3,5,,,6,,8,4" Active="Y" />
    <Menu MenuName="Master Calibrator Audit" MenuDenyRoleId="3,5,,,6,,8,4" Active="Y" />
    <Menu MenuName="Final Audit Update" MenuDenyRoleId="3,5,,,6,,8,4" Active="Y" />
    <Menu MenuName="SLA" MenuDenyRoleId="3,5,10,11,6,,8,4" Active="Y" />
    <Menu MenuName="Sub-Process Validation" MenuDenyRoleId="3,5,10,,6,11,8,4" Active="Y" />
    <Menu MenuName="SLA-configuration" MenuDenyRoleId="3,5,10,11,6,,8,4" Active="Y" />
    <Menu MenuName="Statistical Sampling" MenuDenyRoleId="3,5,,,6,,8,4" Active="Y" />
    <Menu MenuName="Tenant" MenuDenyRoleId="1,3,4,5,6,7,8,9" Active="Y" />
  </Program>
</MenuList>