﻿<?xml version="1.0" encoding="utf-8" ?>
<MenuList>
	<Menu Name="Dashboard" AccessDenyProgramId="" AccessDenyRoleId="" Active="Y"/>
	<Menu Name="Users" AccessDenyProgramId="" AccessDenyRoleId="" Active="Y"/>
	<Menu Name="Process" AccessDenyProgramId="" AccessDenyRoleId="" Active="Y"/>
	<Menu Name="Sub-Process" AccessDenyProgramId="" AccessDenyRoleId="" Active="Y"/>
	<Menu Name="Workflow &amp; QC" AccessDenyProgramId="" AccessDenyRoleId="" Active="Y"/>
	<Menu Name="Data Element" AccessDenyProgramId="" AccessDenyRoleId="" Active="Y"/>
	<Menu Name="Mail Trigger" AccessDenyProgramId="" AccessDenyRoleId="" Active="Y"/>
	<Menu Name="Status &amp; Reason" AccessDenyProgramId="" AccessDenyRoleId="" Active="Y"/>
	<Menu Name="Rating" AccessDenyProgramId="" AccessDenyRoleId="" Active="Y"/>
	<Menu Name="Defect Opportunity" AccessDenyProgramId="" AccessDenyRoleId="" Active="Y"/>
	<Menu Name="Combined Accuracy" AccessDenyProgramId="" AccessDenyRoleId="" Active="Y"/>
	<Menu Name="Holiday" AccessDenyProgramId="" AccessDenyRoleId="" Active="Y"/>
	<Menu Name="Transaction Search" AccessDenyProgramId="" AccessDenyRoleId="" Active="Y"/>
	<Menu Name="Score Correction" AccessDenyProgramId="" AccessDenyRoleId="" Active="Y"/>
	<Menu Name="Recommendation Requests" AccessDenyProgramId="" AccessDenyRoleId="" Active="Y"/>
	<Menu Name="Recommendation History" AccessDenyProgramId="" AccessDenyRoleId="" Active="Y"/>
	<Menu Name="Sampling %" AccessDenyProgramId="" AccessDenyRoleId="" Active="Y"/>
	<Menu Name="Auto Allocation" AccessDenyProgramId="" AccessDenyRoleId="" Active="Y"/>
	<Menu Name="Manual Allocation" AccessDenyProgramId="" AccessDenyRoleId="" Active="Y"/>
	<Menu Name="Re-allocation" AccessDenyProgramId="" AccessDenyRoleId="" Active="Y"/>
	<Menu Name="Bulk Upload" AccessDenyProgramId="" AccessDenyRoleId="" Active="Y"/>
	<Menu Name="Transaction Creation" AccessDenyProgramId="" AccessDenyRoleId="" Active="Y"/>
	<Menu Name="QC Feedback" AccessDenyProgramId="" AccessDenyRoleId="" Active="Y"/>
	<Menu Name="Supervisor Audit" AccessDenyProgramId="" AccessDenyRoleId="" Active="Y"/>
	<Menu Name="Internal Audit" AccessDenyProgramId="" AccessDenyRoleId="" Active="Y"/>
	<Menu Name="Calibrator Audit" AccessDenyProgramId="" AccessDenyRoleId="" Active="Y"/>
	<Menu Name="Master Calibrator Audit" AccessDenyProgramId="" AccessDenyRoleId="" Active="Y"/>
	<Menu Name="External Audit" AccessDenyProgramId="" AccessDenyRoleId="" Active="Y"/>
	<Menu Name="Business Audit" AccessDenyProgramId="" AccessDenyRoleId="" Active="Y"/>
	<Menu Name="Total Volume Audit" AccessDenyProgramId="" AccessDenyRoleId="" Active="Y"/>
	<Menu Name="Reports" AccessDenyProgramId="" AccessDenyRoleId="" Active="Y"/>
	<Menu Name="Support" AccessDenyProgramId="" AccessDenyRoleId="" Active="Y"/>
	<Menu Name="Batch Feed" AccessDenyProgramId="" AccessDenyRoleId="" Active="Y" />
	<Menu Name="Transaction Dump" AccessDenyProgramId="" AccessDenyRoleId="" Active="Y" />
	<Menu Name="Final Audit Update" AccessDenyProgramId="" AccessDenyRoleId="" Active="Y" />
	<!--Added for GCS CR II change-->
	<Menu Name="SLA" AccessDenyProgramId="" AccessDenyRoleId="" Active="Y" />
	<Menu Name="Sub-Process Validation" AccessDenyProgramId="" AccessDenyRoleId="" Active="Y" />
	<Menu Name="Master Calibrator Allocation" AccessDenyProgramId="" AccessDenyRoleId="" Active="Y" />
  <Menu MenuName="Stats SLA configuration" AccessDenyProgramId="" AccessDenyRoleId="" Active="Y"  />
  <Menu MenuName="Tenant" AccessDenyProgramId="" AccessDenyRoleId="" Active="Y"  />
	<!--Added for GCS CR II change-->
</MenuList>
