﻿<?xml version="1.0" encoding="utf-8" ?>
<ReportConfig>
	<Report ID ="2" ConsolidatedID="0" ConsolidatedSPName="NA" ReportServerUrl="http://CTSC00298485302.cts.com/ReportServer" ReportPath="/QuartQualityFix_Mitchell/AssociateRecords - MIT" ArchivalReportPath="/Quart20SIT_MitchellArch/AssociateRecords - MIT"></Report>
	<Report ID ="3" ConsolidatedID="0" ConsolidatedSPName="NA" ReportServerUrl="http://CTSC00298485302.cts.com/ReportServer" ReportPath="/QuartQualityFix_Mitchell/CheckthecheckerReport - MIT" ArchivalReportPath="/Quart20SIT_MitchellArch/CheckthecheckerReport - MIT" ></Report>
	<Report ID ="4" ConsolidatedID="0" ConsolidatedSPName="NA" ReportServerUrl="http://CTSC00298485302.cts.com/ReportServer" ReportPath="/QuartQualityFix_Mitchell/PendingCognizantQA - MIT" ArchivalReportPath="/Quart20SIT_MitchellArch/PendingCognizantQA - MIT"></Report>
	<Report ID ="5" ConsolidatedID="0" ConsolidatedSPName="NA" ReportServerUrl="http://CTSC00298485302.cts.com/ReportServer" ReportPath="/QuartQualityFix_Mitchell/IndependentQAReport - MIT" ArchivalReportPath="/Quart20SIT_MitchellArch/IndependentQAReport - MIT"></Report>
	<Report ID ="6" ConsolidatedID="6" ClientName="MIT" ConsolidatedSPName="USP_REPORT_MIT_CRII_CONSOLIDATED_REPORT" ReportServerUrl="http://CTSC00298485302.cts.com/ReportServer" ReportPath="/QuartQualityFix_Mitchell/ConsolidatedReport" ArchivalReportPath="/Quart20SIT_MitchellArch/ConsolidatedReport"></Report>
	<Report ID ="7" ConsolidatedID="0" ConsolidatedSPName="NA" ReportServerUrl="http://CTSC00298485302.cts.com/ReportServer" ReportPath="/QuartQualityFix_Mitchell/CognizantQAReport - MIT" ArchivalReportPath="/Quart20SIT_MitchellArch/CognizantQAReport - MIT"></Report>
	<Report ID ="8" ConsolidatedID="0" ConsolidatedSPName="NA" ReportServerUrl="http://CTSC00298485302.cts.com/ReportServer" ReportPath="/QuartQualityFix_Mitchell/SamplingComparison - MIT" ArchivalReportPath="/Quart20SIT_MitchellArch/SamplingComparison - MIT"></Report>
	<Report ID ="9" ConsolidatedID="0" ConsolidatedSPName="NA" ReportServerUrl="http://CTSC00298485302.cts.com/ReportServer" ReportPath="/QuartQualityFix_Mitchell/DeletedRecords - MIT" ArchivalReportPath="/Quart20SIT_MitchellArch/DeletedRecords - MIT"></Report>
	<Report ID ="14" ConsolidatedID="0" ConsolidatedSPName="NA"  ReportServerUrl="http://CTSC00298485302.cts.com/ReportServer" ReportPath="/QuartQualityFix_Mitchell/CognizantQA_SummaryReport" ArchivalReportPath="/Quart20SIT_MitchellArch/TotalVolumeQCReport"></Report>
	<Report ID ="15" ConsolidatedID="0" ConsolidatedSPName="NA"  ReportServerUrl="http://CTSC00298485302.cts.com/ReportServer" ReportPath="/QuartQualityFix_Mitchell/IndependentQA_SummaryReport" ArchivalReportPath="/Quart20SIT_MitchellArch/TotalVolumeQCReport"></Report>

	<Report ID ="1"  ConsolidatedID="0" ConsolidatedSPName="NA" ReportServerUrl="http://CTSC00298485302.cts.com/ReportServer" ReportPath="/QuartQualityFix_Mitchell/FrequencyReport - MIT" ArchivalReportPath="/Quart20SIT_MitchellArch/FrequencyReport - MIT"></Report>
	<!--<Report ID ="18"  ConsolidatedID="0" ConsolidatedSPName="NA" ReportServerUrl="http://CTSC00298485302.cts.com/ReportServer" ReportPath="/QuartQualityFix_Mitchell/AHTReport" ArchivalReportPath="/Quart20SIT_MitchellArch/AHTReport"></Report>-->
	<Report ID ="10"  ConsolidatedID="0" ConsolidatedSPName="NA" ReportServerUrl="http://CTSC00298485302.cts.com/ReportServer" ReportPath="/QuartQualityFix_Mitchell/UnallocatedTransactionsReport - MIT" ArchivalReportPath="/Quart20SIT_MitchellArch/UnallocatedTransactionsReport - MIT"></Report>
	<Report ID ="11"  ConsolidatedID="0" ConsolidatedSPName="NA" ReportServerUrl="http://CTSC00298485302.cts.com/ReportServer" ReportPath="/QuartQualityFix_Mitchell/ScoreCorrectionAuditTrail - MIT - Copy" ArchivalReportPath="/Quart20SIT_MitchellArch/ScoreCorrectionAuditTrail - MIT - Copy"></Report>
	<Report ID ="12"  ConsolidatedID="0" ConsolidatedSPName="NA"  ReportServerUrl="http://CTSC00298485302.cts.com/ReportServer" ReportPath="/QuartQualityFix_Mitchell/QuartUsageReport - MIT" ArchivalReportPath="/Quart20SIT_MitchellArch/QuartUsageReport - MIT"></Report>
	<Report ID ="13"  ConsolidatedID="0" ConsolidatedSPName="NA" ReportServerUrl="http://CTSC00298485302.cts.com/ReportServer" ReportPath="/QuartQualityFix_Mitchell/ErrorReversalReport - MIT" ArchivalReportPath="/Quart20SIT_MitchellArch/ErrorReversalReport - MIT"></Report>
	<!--<Report ID ="17"  ConsolidatedID="0" ConsolidatedSPName="NA" ReportServerUrl="http://CTSC00298485302.cts.com/ReportServer" ReportPath="/QuartQualityFix_Mitchell/MetricsReport" ArchivalReportPath="/Quart20SIT_MitchellArch/MetricsReport"></Report>-->

	<Report ID ="16" ConsolidatedID="0" ConsolidatedSPName="NA" ReportServerUrl="http://ctsc00298485302.cts.com/ReportServer" ReportPath="/Quart20SIT_SB/AssociateRecords - SB" ArchivalReportPath="/SB_Archival/AssociateRecords - SB"></Report>
	<Report ID ="17" ConsolidatedID="0" ConsolidatedSPName="NA" ReportServerUrl="http://ctsc00298485302.cts.com/ReportServer" ReportPath="/Quart20SIT_SB/PendingCognizantQC - SB" ArchivalReportPath="/SB_Archival/PendingCognizantQC - SB"></Report>
	<Report ID ="18" ConsolidatedID="18" ConsolidatedSPName="USP_REPORT_SB_CONSOLIDATED_REPORT"  ReportServerUrl="http://ctsc00298485302.cts.com/ReportServer" ReportPath="/Quart20SIT_SB/HIGProcessOwnerQC" ArchivalReportPath="/SB_Archival/HIGProcessOwnerQC - SB"></Report>
	<Report ID ="19" ConsolidatedID="0" ConsolidatedSPName="NA" ReportServerUrl="http://ctsc00298485302.cts.com/ReportServer" ReportPath="/Quart20SIT_SB/CognizantQCReport - SB" ArchivalReportPath="/SB_Archival/CognizantQCReport - SB"></Report>
	<Report ID ="20" ConsolidatedID="0" ConsolidatedSPName="NA" ReportServerUrl="http://ctsc00298485302.cts.com/ReportServer" ReportPath="/Quart20SIT_SB/SamplingComparison - SB" ArchivalReportPath="/SB_Archival/SamplingComparison - SB"></Report>
	<Report ID ="21" ConsolidatedID="0" ConsolidatedSPName="NA" ReportServerUrl="http://ctsc00298485302.cts.com/ReportServer" ReportPath="/Quart20SIT_SB/DeletedRecords - SB" ArchivalReportPath="/SB_Archival/DeletedRecords - SB"></Report>
	<Report ID ="22" ConsolidatedID="0" ConsolidatedSPName="NA" ReportServerUrl="http://ctsc00298485302.cts.com/ReportServer" ReportPath="/Quart20SIT_SB/FrequencyReport - SB" ArchivalReportPath="/SB_Archival/FrequencyReport - SB"></Report>
	<Report ID ="23" ConsolidatedID="0" ConsolidatedSPName="NA" ReportServerUrl="http://ctsc00298485302.cts.com/ReportServer" ReportPath="/Quart20SIT_SB/UnallocatedTransactionsReport - SB" ArchivalReportPath="/SB_Archival/UnallocatedTransactionsReport - SB"></Report>
	<Report ID ="24" ConsolidatedID="0" ConsolidatedSPName="NA" ReportServerUrl="http://ctsc00298485302.cts.com/ReportServer" ReportPath="/Quart20SIT_SB/ScoreCorrectionAuditTrail - SB" ArchivalReportPath="/SB_Archival/ScoreCorrectionAuditTrail - SB"></Report>
	<Report ID ="25" ConsolidatedID="0" ConsolidatedSPName="NA" ReportServerUrl="http://ctsc00298485302.cts.com/ReportServer" ReportPath="/Quart20SIT_SB/QuartUsageReport - SB" ArchivalReportPath="/SB_Archival/QuartUsageReport - SB"></Report>
	<Report ID ="26" ConsolidatedID="0" ConsolidatedSPName="NA" ReportServerUrl="http://ctsc00298485302.cts.com/ReportServer" ReportPath="/Quart20SIT_SB/ErrorReversalReport - SB" ArchivalReportPath="/SB_Archival/ErrorReversalReport - SB"></Report>
	<Report ID ="27" ConsolidatedID="0" ConsolidatedSPName="NA" ReportServerUrl="http://ctsc00298485302.cts.com/ReportServer" ReportPath="/Quart20SIT_SB/CognizantSamplingPercentageChangeReport - SB" ArchivalReportPath="/SB_Archival/CognizantSamplingPercentageChangeReport - SB"></Report>
	<Report ID ="28" ConsolidatedID="0" ConsolidatedSPName="NA" ReportServerUrl="http://ctsc00298485302.cts.com/ReportServer" ReportPath="/Quart20SIT_SB/ExternalQCReport - SB" ArchivalReportPath="/SB_Archival/ExternalQCReport - SB" ></Report>

	<Report ID ="29" ConsolidatedID="0" ConsolidatedSPName="NA" ReportServerUrl="http://ctsc00298485302.cts.com/ReportServer" ReportPath="/Quart20SIT_OCCM/AssociateRecords - OCCM" ArchivalReportPath="/OCCM_Archival/AssociateRecords - OCCM"></Report>
	<Report ID ="30" ConsolidatedID="0" ConsolidatedSPName="NA" ReportServerUrl="http://ctsc00298485302.cts.com/ReportServer" ReportPath="/Quart20SIT_OCCM/PendingCognizantQC - OCCM" ArchivalReportPath="/OCCM_Archival/PendingCognizantQC - OCCM"></Report>
	<Report ID ="31" ConsolidatedID="31" ConsolidatedSPName="USP_REPORT_OCCM_CONSOLIDATED_REPORT"  ReportServerUrl="http://ctsc00298485302.cts.com/ReportServer" ReportPath="/Quart20SIT_OCCM/ConsolidatedReport - OCCM" ArchivalReportPath="/OCCM_Archival/ConsolidatedReport - OCCM"></Report>
	<Report ID ="32" ConsolidatedID="0" ConsolidatedSPName="NA" ReportServerUrl="http://ctsc00298485302.cts.com/ReportServer" ReportPath="/Quart20SIT_OCCM/CognizantQCReport - OCCM" ArchivalReportPath="/OCCM_Archival/CognizantQCReport - OCCM"></Report>
	<Report ID ="33" ConsolidatedID="0" ConsolidatedSPName="NA" ReportServerUrl="http://ctsc00298485302.cts.com/ReportServer" ReportPath="/Quart20SIT_OCCM/SamplingComparison - OCCM" ArchivalReportPath="/OCCM_Archival/SamplingComparison - OCCM"></Report>
	<Report ID ="34" ConsolidatedID="0" ConsolidatedSPName="NA" ReportServerUrl="http://ctsc00298485302.cts.com/ReportServer" ReportPath="/Quart20SIT_OCCM/DeletedRecords - OCCM" ArchivalReportPath="/OCCM_Archival/DeletedRecords - OCCM"></Report>
	<Report ID ="35" ConsolidatedID="0" ConsolidatedSPName="NA" ReportServerUrl="http://ctsc00298485302.cts.com/ReportServer" ReportPath="/Quart20SIT_OCCM/FrequencyReport - OCCM" ArchivalReportPath="/OCCM_Archival/FrequencyReport - OCCM"></Report>
	<Report ID ="36" ConsolidatedID="0" ConsolidatedSPName="NA" ReportServerUrl="http://ctsc00298485302.cts.com/ReportServer" ReportPath="/Quart20SIT_OCCM/UnallocatedTransactionsReport - OCCM" ArchivalReportPath="/OCCM_Archival/UnallocatedTransactionsReport - OCCM"></Report>
	<Report ID ="37" ConsolidatedID="0" ConsolidatedSPName="NA" ReportServerUrl="http://ctsc00298485302.cts.com/ReportServer" ReportPath="/Quart20SIT_OCCM/ScoreCorrectionAuditTrail - OCCM" ArchivalReportPath="/OCCM_Archival/ScoreCorrectionAuditTrail - OCCM"></Report>
	<Report ID ="38" ConsolidatedID="0" ConsolidatedSPName="NA" ReportServerUrl="http://ctsc00298485302.cts.com/ReportServer" ReportPath="/Quart20SIT_OCCM/QuartUsageReport - OCCM" ArchivalReportPath="/OCCM_Archival/QuartUsageReport - OCCM"></Report>
	<Report ID ="39" ConsolidatedID="0" ConsolidatedSPName="NA" ReportServerUrl="http://ctsc00298485302.cts.com/ReportServer" ReportPath="/Quart20SIT_OCCM/ErrorReversalReport - OCCM" ArchivalReportPath="/OCCM_Archival/ErrorReversalReport - OCCM"></Report>
	<Report ID ="80" ConsolidatedID="0" ConsolidatedSPName="NA" ReportServerUrl="http://ctsc00298485302.cts.com/ReportServer" ReportPath="/Quart20SIT_OCCM/CalibrationReport - OCCM" ArchivalReportPath="/OCCM_Archival/CalibrationReport - OCCM"></Report>
	<Report ID ="81" ConsolidatedID="0" ConsolidatedSPName="NA" ReportServerUrl="http://ctsc00298485302.cts.com/ReportServer" ReportPath="/Quart20SIT_OCCM/VarianceReport - OCCM" ArchivalReportPath="/OCCM_Archival/VarianceReport - OCCM"></Report>



	<Report ID ="40" ConsolidatedID="0" ConsolidatedSPName="NA" ReportServerUrl="http://ctsc00298485302.cts.com/ReportServer" ReportPath="/QuartQualityFix_HealthCare/AssociateRecords" ArchivalReportPath="/QuartQualityFix_HealthCare/AssociateRecords"></Report>
	<Report ID ="41" ConsolidatedID="0" ConsolidatedSPName="NA" ReportServerUrl="http://ctsc00298485302.cts.com/ReportServer" ReportPath="/QuartQualityFix_HealthCare/ExternalAuditReport" ArchivalReportPath="/QuartQualityFix_HealthCare/ExternalAuditReport" ></Report>
	<Report ID ="42" ConsolidatedID="0" ConsolidatedSPName="NA" ReportServerUrl="http://ctsc00298485302.cts.com/ReportServer" ReportPath="/QuartQualityFix_HealthCare/PendingCognizantQC" ArchivalReportPath="/QuartQualityFix_HealthCare/PendingCognizantQC"></Report>
	<Report ID ="43" ConsolidatedID="0" ConsolidatedSPName="NA" ReportServerUrl="http://ctsc00298485302.cts.com/ReportServer" ReportPath="/QuartQualityFix_HealthCare/BusinessReport" ArchivalReportPath="/QuartQualityFix_HealthCare/BusinessReport"></Report>
	<Report ID ="44" ConsolidatedID="44" ConsolidatedSPName="USP_REPORT_HC_CONSOLIDATED_REPORT" ReportServerUrl="http://ctsc00298485302.cts.com/ReportServer" ReportPath="/QuartQualityFix_HealthCare/ConsolidatedReport" ArchivalReportPath="/HealthCareArchival/ConsolidatedReport"></Report>
	<Report ID ="45" ConsolidatedID="0" ConsolidatedSPName="NA" ReportServerUrl="http://ctsc00298485302.cts.com/ReportServer" ReportPath="/QuartQualityFix_HealthCare/CognizantQCReport" ArchivalReportPath="/QuartQualityFix_HealthCare/CognizantQCReport"></Report>
	<Report ID ="46" ConsolidatedID="0" ConsolidatedSPName="NA" ReportServerUrl="http://ctsc00298485302.cts.com/ReportServer" ReportPath="/QuartQualityFix_HealthCare/SamplingComparison" ArchivalReportPath="/QuartQualityFix_HealthCare/SamplingComparison"></Report>
	<Report ID ="47" ConsolidatedID="0" ConsolidatedSPName="NA" ReportServerUrl="http://ctsc00298485302.cts.com/ReportServer" ReportPath="/QuartQualityFix_HealthCare/DeletedRecordsReport" ArchivalReportPath="/QuartQualityFix_HealthCare/DeletedRecordsReport"></Report>
	<Report ID ="48" ConsolidatedID="0" ConsolidatedSPName="NA" ReportServerUrl="http://ctsc00298485302.cts.com/ReportServer" ReportPath="/QuartQualityFix_HealthCare/TotalVolumeQCReport" ArchivalReportPath="/QuartQualityFix_HealthCare/TotalVolumeQCReport"></Report>
	<Report ID ="49" ConsolidatedID="0" ConsolidatedSPName="NA" ReportServerUrl="http://ctsc00298485302.cts.com/ReportServer" ReportPath="/QuartQualityFix_HealthCare/FrequencyReport" ArchivalReportPath="/QuartQualityFix_HealthCare/FrequencyReport"></Report>
	<Report ID ="50" ConsolidatedID="0" ConsolidatedSPName="NA" ReportServerUrl="http://ctsc00298485302.cts.com/ReportServer" ReportPath="/QuartQualityFix_HealthCare/AHTReport" ArchivalReportPath="/QuartQualityFix_HealthCare/AHTReport"></Report>
	<Report ID ="51" ConsolidatedID="0" ConsolidatedSPName="NA" ReportServerUrl="http://ctsc00298485302.cts.com/ReportServer" ReportPath="/QuartQualityFix_HealthCare/UnallocatedTransactionsReport" ArchivalReportPath="/QuartQualityFix_HealthCare/UnallocatedTransactionsReport"></Report>
	<Report ID ="52" ConsolidatedID="0" ConsolidatedSPName="NA" ReportServerUrl="http://ctsc00298485302.cts.com/ReportServer" ReportPath="/QuartQualityFix_HealthCare/ScoreCorrectionQCTrail" ArchivalReportPath="/QuartQualityFix_HealthCare/ScoreCorrectionQCTrail"></Report>
	<Report ID ="53" ConsolidatedID="0" ConsolidatedSPName="NA" ReportServerUrl="http://ctsc00298485302.cts.com/ReportServer" ReportPath="/QuartQualityFix_HealthCare/QuartUsageReport" ArchivalReportPath="/QuartQualityFix_HealthCare/QuartUsageReport"></Report>
	<Report ID ="54" ConsolidatedID="0" ConsolidatedSPName="NA" ReportServerUrl="http://ctsc00298485302.cts.com/ReportServer" ReportPath="/QuartQualityFix_HealthCare/ErrorReversalReport" ArchivalReportPath="/QuartQualityFix_HealthCare/ErrorReversalReport"></Report>
	<Report ID ="55" ConsolidatedID="0" ConsolidatedSPName="NA" ReportServerUrl="http://ctsc00298485302.cts.com/ReportServer" ReportPath="/QuartQualityFix_HealthCare/MetricsReport" ArchivalReportPath="/QuartQualityFix_HealthCare/MetricsReport"></Report>
	<Report ID ="56" ConsolidatedID="0" ConsolidatedSPName="NA"  ReportServerUrl="http://ctsc00298485302.cts.com/ReportServer" ReportPath="/QuartQualityFix_HealthCare/CombinedAccuracy" ArchivalReportPath="/QuartQualityFix_HealthCare/CombinedAccuracy"></Report>
	<Report ID ="57"  ConsolidatedID="0" ConsolidatedSPName="NA" ReportServerUrl="http://ctsc00298485302.cts.com/ReportServer" ReportPath="/QuartQualityFix_HealthCare/CognizantSamplingPercentageChangeReport" ArchivalReportPath="/QuartQualityFix_HealthCare/CognizantSamplingPercentageChangeReport"></Report>


	<Report ID ="61"  ConsolidatedID="0" ConsolidatedSPName="NA"  ReportServerUrl="http://ctsc00298485302.cts.com/ReportServer" ReportPath="/Quart20DevReports_July7/OptimaWrite/AssociateRecords - OW" ArchivalReportPath="/Quart20DevReports_July7/OptimaWriteArchival/AssociateRecords - OW"></Report>
	<Report ID ="65"  ConsolidatedID="0" ConsolidatedSPName="NA" ReportServerUrl="http://ctsc00298485302.cts.com/ReportServer" ReportPath="/Quart20DevReports_July7/OptimaWrite/ExternalAuditReport - OW" ArchivalReportPath="/Quart20DevReports_July7/OptimaWriteArchival/ExternalAuditReport - OW" ></Report>
	<Report ID ="64"  ConsolidatedID="0" ConsolidatedSPName="NA"  ReportServerUrl="http://ctsc00298485302.cts.com/ReportServer" ReportPath="/Quart20DevReports_July7/OptimaWrite/PendingCognizantQC - OW" ArchivalReportPath="/Quart20DevReports_July7/OptimaWriteArchival/PendingCognizantQC - OW"></Report>
	<Report ID ="66"   ConsolidatedID="0" ConsolidatedSPName="NA" ReportServerUrl="http://ctsc00298485302.cts.com/ReportServer" ReportPath="/Quart20DevReports_July7/OptimaWrite/BusinessReport - OW" ArchivalReportPath="/Quart20DevReports_July7/OptimaWriteArchival/BusinessReport - OW"></Report>
	<Report ID ="67"  ConsolidatedID="67" ConsolidatedSPName="USP_REPORT_OW_NEW_CONSOLIDATED_REPORT"  ReportServerUrl="http://ctsc00298485302.cts.com/ReportServer" ReportPath="/Quart20DevReports_July7/OptimaWrite/ConsolidatedReport" ArchivalReportPath="/Quart20DevReports_July7/OptimaWriteArchival/ConsolidatedReport"></Report>
	<Report ID ="63"  ConsolidatedID="0" ConsolidatedSPName="NA"  ReportServerUrl="http://ctsc00298485302.cts.com/ReportServer" ReportPath="/Quart20DevReports_July7/OptimaWrite/CognizantQCReport - OW" ArchivalReportPath="/Quart20DevReports_July7/OptimaWriteArchival/CognizantQCReport - OW"></Report>
	<Report ID ="69"  ConsolidatedID="0" ConsolidatedSPName="NA" ReportServerUrl="http://ctsc00298485302.cts.com/ReportServer" ReportPath="/Quart20DevReports_July7/OptimaWrite/SamplingComparison - OW" ArchivalReportPath="/Quart20DevReports_July7/OptimaWriteArchival/SamplingComparison - OW"></Report>
	<Report ID ="62"  ConsolidatedID="0" ConsolidatedSPName="NA" ReportServerUrl="http://ctsc00298485302.cts.com/ReportServer" ReportPath="/Quart20DevReports_July7/OptimaWrite/DeletedRecords - OW" ArchivalReportPath="/Quart20DevReports_July7/OptimaWriteArchival/DeletedRecords - OW"></Report>
	<Report ID ="60"  ConsolidatedID="0" ConsolidatedSPName="NA" ReportServerUrl="http://ctsc00298485302.cts.com/ReportServer" ReportPath="/Quart20DevReports_July7/OptimaWrite/FrequencyReport - OW" ArchivalReportPath="/Quart20DevReports_July7/OptimaWriteArchival/FrequencyReport - OW"></Report>
	<Report ID ="68"  ConsolidatedID="0" ConsolidatedSPName="NA" ReportServerUrl="http://ctsc00298485302.cts.com/ReportServer" ReportPath="/Quart20DevReports_July7/OptimaWrite/UnallocatedTransactionsReport - OW" ArchivalReportPath="/Quart20DevReports_July7/OptimaWriteArchival/UnallocatedTransactionsReport - OW"></Report>
	<Report ID ="70"  ConsolidatedID="0" ConsolidatedSPName="NA" ReportServerUrl="http://ctsc00298485302.cts.com/ReportServer" ReportPath="/Quart20DevReports_July7/OptimaWrite/ScoreCorrectionAuditTrail - OW" ArchivalReportPath="/Quart20DevReports_July7/OptimaWriteArchival/ScoreCorrectionAuditTrail - OW"></Report>
	<Report ID ="72"  ConsolidatedID="0" ConsolidatedSPName="NA" ReportServerUrl="http://ctsc00298485302.cts.com/ReportServer" ReportPath="/Quart20DevReports_July7/OptimaWrite/QuartUsageReport-OW" ArchivalReportPath="/Quart20DevReports_July7/OptimaWriteArchival/QuartUsageReport-OW"></Report>
	<Report ID ="71"  ConsolidatedID="0" ConsolidatedSPName="NA" ReportServerUrl="http://ctsc00298485302.cts.com/ReportServer" ReportPath="/Quart20DevReports_July7/OptimaWrite/ErrorReversalReport - OW" ArchivalReportPath="/Quart20DevReports_July7/OptimaWriteArchival/ErrorReversalReport - OW"></Report>
	<Report ID ="73"  ConsolidatedID="0" ConsolidatedSPName="NA" ReportServerUrl="http://ctsc00298485302.cts.com/ReportServer" ReportPath="/Quart20DevReports_July7/OptimaWrite/OW_New_CombinedAccuracy" ArchivalReportPath="/Quart20DevReports_July7/OptimaWriteArchival/OW_New_CombinedAccuracy"></Report>
	<Report ID ="74" ConsolidatedID="0" ConsolidatedSPName="NA"  ReportServerUrl="http://ctsc00298485302.cts.com/ReportServer" ReportPath="/Quart20DevReports_July7/OptimaWrite/CognizantSamplingPersentageChangeReport" ArchivalReportPath="/Quart20DevReports_July7/OptimaWriteArchival/CognizantSamplingPersentageChangeReport"></Report>



</ReportConfig>