﻿<?xml version="1.0" encoding="utf-8" ?>
<RestrictedElements>
	<Element id="1" labelName="status"  />
	<Element id="2" labelName="no. of employee"  />
	<Element id="3" labelName="fail reason" />
	<Element id="4" labelName="fail reason text" />
	<Element id="5" labelName="processed by" />
	<Element id="6" labelName="processed date" />
	<Element id="7" labelName="comment" />  
  <Element id="8" labelName="totalrows" />
  <Element id="9" labelName="recordid" />
  <Element id="10" labelName="coretransstatusid" />
  <Element id="11" labelName="coretransstatusreasonid" />
  <!--<Element id="12" labelName="fail reason" />
  <Element id="13" labelName="fail reason text" />-->
  <Element id="12" labelName="fail reason (pre-defined)" />
  <Element id="13" labelName="fail reason (free text)" />
  <Element id="14" labelName="first nameid" />
  <Element id="15" labelName="no. of employees" />
  <Element id="16" labelName="created by" />
  <Element id="17" labelName="created date" />
  <Element id="18" labelName="modified by" />
  <Element id="19" labelName="modified date" />
  <Element id="20" labelName="rownumberid" />
  <Element id="21" labelName="szdisplayname" />
  <Element id="22" labelName="irecordid" />
  <Element id="23" labelName="sznelementdata" />
  <Element id="24" labelName="iprocessedby" />
  <Element id="25" labelName="dsprocesseddate" />
  <Element id="26" labelName="icoretransstatusid" />
  <Element id="27" labelName="szcoretransstatusdesc" />
  <Element id="28" labelName="icoretransstatusreasonid" />
  <Element id="29" labelName="coredisplayname" />
  <Element id="30" labelName="szcoretransstatusreason" />
  <Element id="31" labelName="szcomment" />
  <Element id="32" labelName="noofemployee" />
  <Element id="33" labelName="szfirstname" />
  <Element id="34" labelName="icreatedby" />
  <Element id="35" labelName="dscreateddate" />
  <Element id="36" labelName="imodifiedby" />
  <Element id="37" labelName="dsmodifieddate" />
  <Element id="38" labelName="process" />
  <Element id="39" labelName="program" />
  <Element id="40" labelName="subprocess" />
  <Element id="41" labelName="ProcessedByUserID" />
  <Element id="42" labelName="comments" />
  <Element id="43" labelName="peer checker" />
  <Element id="44" labelName="consolidated sla" />
</RestrictedElements>