﻿<?xml version="1.0" encoding="utf-8" ?> 
<Issue>
   
      <IssueModule Value="General" Text="General">   
        <IssueType Value="Login" Text="Login"></IssueType>
        <IssueType Value="Session Expiry" Text="Session Expiry"></IssueType>            
      </IssueModule>
  
      <IssueModule Value="Reports" Text="Reports">
        <IssueType Value="Dashboard" Text="Dashboard"></IssueType>
        <IssueType Value="Associate Report" Text="Associate Report"></IssueType>
        <IssueType Value="HIG FAO Team QC Report" Text="HIG FAO Team QC Report"></IssueType>
        <IssueType Value="Pending Cognizant QC Report" Text="Pending Cognizant QC Report"></IssueType>
        <IssueType Value="HIG Process Owner QC Report" Text="HIG Process Owner QC Report"></IssueType>
        <IssueType Value="Consolidated Report" Text="Consolidated Report"></IssueType>
        <IssueType Value="Sample Report" Text="Sample Report"></IssueType>
        <IssueType Value="Cognizant QC Report" Text="Cognizant QC Report"></IssueType>
        <IssueType Value="Sampling Comparison Report" Text="Sampling Comparison Report"></IssueType>
        <IssueType Value="Deleted Records Report" Text="Deleted Records Report"></IssueType>
        <IssueType Value="Total Volume QC Report" Text="Total Volume QC Report"></IssueType>
        <IssueType Value="Frequency Report" Text="Frequency Report"></IssueType>           
      </IssueModule>

      <IssueModule Value="Admin" Text="Admin">
        <IssueType Value="Dashboard" Text="Dashboard"></IssueType>
        <IssueType Value="User" Text="User"></IssueType>
        <IssueType Value="Process" Text="Process"></IssueType>
        <IssueType Value="Sub-Process" Text="Sub-Process"></IssueType>
        <IssueType Value="Workflow &amp; QC" Text="Workflow &amp; QC"></IssueType>
        <IssueType Value="Data Element" Text="Data Element"></IssueType>
        <IssueType Value="Feedback Email" Text="Feedback Email"></IssueType>
        <IssueType Value="Status &amp; Fail Reason" Text="Status &amp; Fail Reason"></IssueType>
        <IssueType Value="Rating" Text="Rating"></IssueType>
        <IssueType Value="Defect Opportunity" Text="Defect Opportunity"></IssueType>
        <IssueType Value="Combined Accuracy" Text="Combined Accuracy"></IssueType>
        <IssueType Value="Holiday" Text="Holiday"></IssueType>
        <IssueType Value="Transaction Search" Text="Transaction Search"></IssueType>
        <IssueType Value="Support Tickets" Text="Support Tickets"></IssueType>
      </IssueModule>

      <IssueModule Value="Associate" Text="Associate">
        <IssueType Value="Dashboard" Text="Dashboard"></IssueType>
        <IssueType Value="Transaction Creation" Text="Transaction Creation"></IssueType>
        <IssueType Value="QC Feedback" Text="QC Feedback"></IssueType>
        <IssueType Value="Transaction Search" Text="Transaction Search"></IssueType>
        <IssueType Value="Combined Accuracy" Text="Combined Accuracy"></IssueType>
      </IssueModule>

      <IssueModule Value="Cognizant Auditor" Text="Cognizant Auditor">
        <IssueType Value="Dashboard" Text="Dashboard"></IssueType>
        <IssueType Value="Cognizant QC Work Bucket" Text="Cognizant QC Work Bucket"></IssueType>
        <IssueType Value="Transaction Search" Text="Transaction Search"></IssueType>
      </IssueModule>
  
    <IssueModule Value="HIG Performance Consultant" Text="HIG Performance Consultant">
      <IssueType Value="Dashboard" Text="Dashboard"></IssueType>
        <IssueType Value="HIG FAO Team QC Work Bucket" Text="HIG FAO Team QC Work Bucket"></IssueType>
        <IssueType Value="HIG Process Owner QC Work Bucket" Text="HIG Process Owner QC Work Bucket"></IssueType>
        <IssueType Value="Total Volume QC Work Bucket" Text="Total Volume QC Work Bucket"></IssueType>
      </IssueModule>


    <IssueModule Value="HIG Process Owner" Text="HIG Process Owner">
      <IssueType Value="HIG Process Owner QC Work Bucket" Text="HIG Process Owner QC Work Bucket"></IssueType>
      <IssueType Value="Total Volume QC Work Bucket" Text="Total Volume QC Work Bucket"></IssueType>
      <IssueType Value="Transaction Search" Text="Transaction Search"></IssueType>
    </IssueModule>
  
  <IssueModule Value="Quality Lead" Text="Quality Lead">
    <IssueType Value="Dashboard" Text="Dashboard"></IssueType>
    <IssueType Value="Sampling" Text="Sampling"></IssueType>
    <IssueType Value="Auto Allocation" Text="Auto Allocation"></IssueType>
    <IssueType Value="Manual Allocation" Text="Manual Allocation"></IssueType>
    <IssueType Value="Re-allocation" Text="Re-allocation"></IssueType>
    <IssueType Value="Bulk Upload" Text="Bulk Upload"></IssueType>
  </IssueModule>

  <IssueModule Value="Supervisor" Text="Supervisor">
    <IssueType Value="Dashboard" Text="Dashboard"></IssueType>
    <IssueType Value="Supervisor Work Bucket" Text="Supervisor Work Bucket"></IssueType>
    <IssueType Value="Transaction Search" Text="Transaction Search"></IssueType>
  </IssueModule>

  <IssuePriority>
      <IssuePriority Value="High" Text="High"></IssuePriority>
      <IssuePriority Value="Medium" Text="Medium"></IssuePriority>
      <IssuePriority Value="Low" Text="Low"></IssuePriority>      
   </IssuePriority>  
 

</Issue> 