﻿<?xml version="1.0" encoding="utf-8" ?>
<MetricTransactionMappingInfo>
  <MetricParamMappingInfo Index="1" MetricParameterName="SumofActualProductiveHrs" >
    <MetricParamFields>
      <MetricParamFieldInfo Index="1" ParameterFieldName = "TotalProductiveHRs" ParameterFieldValue = "transactionifno.TotalProductiveHRs">        
      </MetricParamFieldInfo>
    </MetricParamFields>    
  </MetricParamMappingInfo>
  
  <MetricParamMappingInfo Index="2" MetricParameterName="ConstMathfunction.Divide" >
    <MetricParamFields>
      <MetricParamFieldInfo Index="1" ParameterFieldName = "ConstMathfunction.Divide" ParameterFieldValue = "0">
      </MetricParamFieldInfo>
    </MetricParamFields>
  </MetricParamMappingInfo>

  <MetricParamMappingInfo Index="3" MetricParameterName="StdWorkingHrs" ParamfieldFormula="a+b+z-q" >
    <MetricParamFields>
      <MetricParamFieldInfo Index = "1" ParameterFieldName = "ProdcutiveHRs" ParameterFieldValue = "transactionifno.ProductiveHRs"/>
      <MetricParamFieldInfo  Index = "2" ParameterFieldName = "AuxTime" ParameterFieldValue = "transactionifno.AuxHRs"/>
      <MetricParamFieldInfo Index = "3" ParameterFieldName = "LogTime" ParameterFieldValue = "transactionifno.loggedInHrs"/>
      <MetricParamFieldInfo Index = "4" ParameterFieldName = "LogTime" ParameterFieldValue = "transactionifno.loggedInHrs"/>
    </MetricParamFields>
  </MetricParamMappingInfo>
  
</MetricTransactionMappingInfo>
