﻿<?xml version="1.0" encoding="utf-8" ?>
<MetricTransactionMappingInfo>
  <MetricParamMappingInfo Index="1" MetricParameterName="Actuals" >
    <MetricParamFields>
      <MetricParamFieldInfo Index="1" ParameterFieldName = "TotalProductiveHRs" ParameterFieldValue = "transactionifno.TotalProductiveHRs">        
      </MetricParamFieldInfo>
    </MetricParamFields>    
  </MetricParamMappingInfo>
  
  <MetricParamMappingInfo Index="2" MetricParameterName="ConstMathfunction.Divide" >
    <MetricParamFields>
      <MetricParamFieldInfo Index="1" ParameterFieldName = "ConstMathfunction.Divide" ParameterFieldValue = "0">
      </MetricParamFieldInfo>
    </MetricParamFields>
  </MetricParamMappingInfo>

  <MetricParamMappingInfo Index="3" MetricParameterName="Targeted" >
    <MetricParamFields>
      <MetricParamFieldInfo Index = "1" ParameterFieldName = "ProdcutiveHRs" ParameterFieldValue = "transactionifno.ProductiveHRs"/>
    </MetricParamFields>
  </MetricParamMappingInfo>
  
</MetricTransactionMappingInfo>
