﻿<?xml version="1.0" encoding="utf-8"?>
<?xml-stylesheet type="text/xsl" href="c:\program files (x86)\microsoft visual studio 11.0\team tools\static analysis tools\fxcop\Xml\CodeAnalysisReport.xsl"?>
<FxCopReport Version="11.0">
 <Targets>
  <Target Name="D:\tfs-Latest\DigiOPS.TechFoundation.Framework\ReferenceBinaries\DigiOPS.TechFoundation.Security.dll">
   <Modules>
    <Module Name="digiops.techfoundation.security.dll">
     <Namespaces>
      <Namespace Name="DigiOPS.TechFoundation.Security">
       <Types>
        <Type Name="AESCrypt" Kind="Class" Accessibility="Public" ExternallyVisible="True">
         <Members>
          <Member Name="#Decode(System.String,System.String)" Kind="Method" Static="True" Accessibility="Private" ExternallyVisible="False">
           <Messages>
            <Message TypeName="Do not dispose objects multiple times" Category="Microsoft.Usage" CheckId="CA2202" Status="Active" Created="2017-09-22 12:51:18Z" FixCategory="DependsOnFix">
             <Issue Certainty="75" Level="Warning" Path="d:\tfs-Latest\DigiOPS.TechFoundation.Framework\DigiOPS.TechFoundation.Security\Crypt" File="AESCrypt.cs" Line="131">Object 'ms' can be disposed more than once in method 'AESCrypt.Decode(string, string)'. To avoid generating a System.ObjectDisposedException you should not call Dispose more than one time on an object.: Lines: 131</Issue>
            </Message>
           </Messages>
          </Member>
          <Member Name="#Encode(System.String,System.String)" Kind="Method" Static="False" Accessibility="Private" ExternallyVisible="False">
           <Messages>
            <Message TypeName="Do not dispose objects multiple times" Category="Microsoft.Usage" CheckId="CA2202" Status="Active" Created="2017-09-22 12:51:18Z" FixCategory="DependsOnFix">
             <Issue Certainty="75" Level="Warning" Path="d:\tfs-Latest\DigiOPS.TechFoundation.Framework\DigiOPS.TechFoundation.Security\Crypt" File="AESCrypt.cs" Line="58">Object 'ms' can be disposed more than once in method 'AESCrypt.Encode(string, string)'. To avoid generating a System.ObjectDisposedException you should not call Dispose more than one time on an object.: Lines: 58</Issue>
            </Message>
           </Messages>
          </Member>
         </Members>
        </Type>
       </Types>
      </Namespace>
     </Namespaces>
    </Module>
   </Modules>
  </Target>
 </Targets>
 <Rules>
  <Rule TypeName="Do not dispose objects multiple times" Category="Microsoft.Usage" CheckId="CA2202">
   <Name>Do not dispose objects multiple times</Name>
   <Description>A correctly implemented Dispose method can be called multiple times without throwing an exception. However, this is not guaranteed and to avoid generating a System.ObjectDisposedException you should not call Dispose more than one time on an object.</Description>
   <Resolution Name="Default">Object {0} can be disposed more than once in method {1}. To avoid generating a System.ObjectDisposedException you should not call Dispose more than one time on an object.: Lines: 131</Resolution>
   <Owner>RuleOwner</Owner>
   <Url>http://msdn.microsoft.com/library/ms182334(VS.100).aspx</Url>
   <Email />
   <MessageLevel Certainty="75">Warning</MessageLevel>
   <File Name="dataflowrules.dll" Version="11.0.0.0" />
  </Rule>
 </Rules>
 <Localized>
  <String Key="Category">Category</String>
  <String Key="Certainty">Certainty</String>
  <String Key="CollapseAll">Collapse All</String>
  <String Key="CheckId">Check Id</String>
  <String Key="Error">Error</String>
  <String Key="Errors">error(s)</String>
  <String Key="ExpandAll">Expand All</String>
  <String Key="Help">Help</String>
  <String Key="Line">Line</String>
  <String Key="Messages">message(s)</String>
  <String Key="LocationNotStoredInPdb">[Location not stored in Pdb]</String>
  <String Key="Project">Project</String>
  <String Key="Resolution">Resolution</String>
  <String Key="Rule">Rule</String>
  <String Key="RuleFile">Rule File</String>
  <String Key="RuleDescription">Rule Description</String>
  <String Key="Source">Source</String>
  <String Key="Status">Status</String>
  <String Key="Target">Target</String>
  <String Key="Warning">Warning</String>
  <String Key="Warnings">warning(s)</String>
  <String Key="ReportTitle">Code Analysis Report</String>
 </Localized>
</FxCopReport>
