﻿
<EXCEL_TEMPLATE_DEFINITIONS>

  <TEMPLATE _NAME="UserTemplate" _MULTISHEET="Y">
    <WORKSHEET _NAME="User" _HEADER_PRESENT="TRUE" _SINGLE_ROW="YES" >
      <HEADER _ROW_NO="1" _DATA_START_ROW="2"/>
      <COLUMN _SEQ_NO="1" _COL_NO="1" _COL_HEADER_NAME="CTS User ID" _COL_DATA_TYPE="TEXT" _READIABILITY="T"/>
      <COLUMN  _SEQ_NO ="2" _COL_NO ="2" _COL_HEADER_NAME="Client User ID" _COL_DATA_TYPE="TEXT" _READIABILITY="T"/>
      <COLUMN _SEQ_NO ="3"  _COL_NO ="3" _COL_HEADER_NAME="User Name" _COL_DATA_TYPE="TEXT" _READIABILITY="T"/>
      <COLUMN _SEQ_NO ="4"  _COL_NO ="4" _COL_HEADER_NAME="Email" _COL_DATA_TYPE="TEXT" _READIABILITY="T"/>
      <COLUMN _SEQ_NO ="5"  _COL_NO ="5" _COL_HEADER_NAME="Effective From" _COL_DATA_TYPE="TEXT" _READIABILITY="T"/>
      <COLUMN _SEQ_NO ="6"  _COL_NO ="6" _COL_HEADER_NAME="Effective To" _COL_DATA_TYPE="TEXT" _READIABILITY="T"/>
    </WORKSHEET>
    <WORKSHEET _NAME="UserGroup" _HEADER_PRESENT="TRUE" _SINGLE_ROW="YES" >
      <HEADER _ROW_NO="1" _DATA_START_ROW="2"/>
      <COLUMN _SEQ_NO="1" _COL_NO="1" _COL_HEADER_NAME="Program" _COL_DATA_TYPE="TEXT" _READIABILITY="T"/>
      <COLUMN  _SEQ_NO ="2" _COL_NO ="2" _COL_HEADER_NAME="Effective From" _COL_DATA_TYPE="TEXT" _READIABILITY="T"/>
      <COLUMN _SEQ_NO ="3"  _COL_NO ="3" _COL_HEADER_NAME="Effective To" _COL_DATA_TYPE="TEXT" _READIABILITY="T"/>
      <COLUMN _SEQ_NO ="4"  _COL_NO ="4" _COL_HEADER_NAME="User Group" _COL_DATA_TYPE="TEXT" _READIABILITY="T"/>
    </WORKSHEET>
    <WORKSHEET _NAME="UserGroup-UserMapping" _HEADER_PRESENT="TRUE" _SINGLE_ROW="YES" >
      <HEADER _ROW_NO="1" _DATA_START_ROW="2"/>
      <COLUMN _SEQ_NO="1" _COL_NO="1" _COL_HEADER_NAME="Program" _COL_DATA_TYPE="TEXT" _READIABILITY="T"/>
       <!--<COLUMN  _SEQ_NO ="2" _COL_NO ="2" _COL_HEADER_NAME="Effective From" _COL_DATA_TYPE="TEXT" _READIABILITY="T"/>
      <COLUMN _SEQ_NO ="3"  _COL_NO ="3" _COL_HEADER_NAME="Effective To" _COL_DATA_TYPE="TEXT" _READIABILITY="T"/>-->
      <COLUMN  _SEQ_NO ="2" _COL_NO ="2" _COL_HEADER_NAME="User Group" _COL_DATA_TYPE="TEXT" _READIABILITY="T"/>
      <COLUMN _SEQ_NO ="3"  _COL_NO ="3" _COL_HEADER_NAME="User" _COL_DATA_TYPE="TEXT" _READIABILITY="T"/>
    </WORKSHEET>
    <WORKSHEET _NAME="UserRoleMapping" _HEADER_PRESENT="TRUE" _SINGLE_ROW="YES" >
      <HEADER _ROW_NO="1" _DATA_START_ROW="2"/>
       <COLUMN _SEQ_NO="1" _COL_NO="1" _COL_HEADER_NAME="Program" _COL_DATA_TYPE="TEXT" _READIABILITY="T"/>
       <!--<COLUMN  _SEQ_NO ="2" _COL_NO ="2" _COL_HEADER_NAME="Effective From" _COL_DATA_TYPE="TEXT" _READIABILITY="T"/>
      <COLUMN _SEQ_NO ="3"  _COL_NO ="3" _COL_HEADER_NAME="Effective To" _COL_DATA_TYPE="TEXT" _READIABILITY="T"/>-->
      <COLUMN _SEQ_NO="2" _COL_NO="2" _COL_HEADER_NAME="UserGroup" _COL_DATA_TYPE="TEXT" _READIABILITY="T"/>      
      <COLUMN  _SEQ_NO ="3" _COL_NO ="3" _COL_HEADER_NAME="User" _COL_DATA_TYPE="TEXT" _READIABILITY="T"/>
      <COLUMN _SEQ_NO ="4"  _COL_NO ="4" _COL_HEADER_NAME="Role" _COL_DATA_TYPE="TEXT" _READIABILITY="T"/>
    </WORKSHEET>
    <WORKSHEET _NAME="RolePermissionMapping" _HEADER_PRESENT="TRUE" _SINGLE_ROW="YES" >
      <HEADER _ROW_NO="1" _DATA_START_ROW="2"/>
      <COLUMN _SEQ_NO="1" _COL_NO="1" _COL_HEADER_NAME="Program" _COL_DATA_TYPE="TEXT" _READIABILITY="T"/>
      <COLUMN  _SEQ_NO ="2" _COL_NO ="2" _COL_HEADER_NAME="Process" _COL_DATA_TYPE="TEXT" _READIABILITY="T"/>
      <COLUMN _SEQ_NO ="3"  _COL_NO ="3" _COL_HEADER_NAME="SubProcess" _COL_DATA_TYPE="TEXT" _READIABILITY="T"/>
      <COLUMN _SEQ_NO ="4"  _COL_NO ="4" _COL_HEADER_NAME="Role" _COL_DATA_TYPE="TEXT" _READIABILITY="T"/>
      <COLUMN _SEQ_NO ="5"  _COL_NO ="5" _COL_HEADER_NAME="Permissions" _COL_DATA_TYPE="TEXT" _READIABILITY="T"/>
    </WORKSHEET>
  </TEMPLATE>


</EXCEL_TEMPLATE_DEFINITIONS>
